status,offer_id,title,brand_id,service_id,currency,unit_price,available_qty,inventory_value,has_inventory,created_at,updated_at,created_iso,updated_iso,age_days,description,seller_id,relation_id,region_id,edit_url
live,G1762917817424JG,[STEAM] Call of Duty: Black Ops 7,lgc_game_4644,f6a1aba5-473a-4044-836a-8968bbab16d7,USD,54.98,9,494.82,true,1762917817447,1778560967905,2025-11-12T03:23:37.447Z,2026-05-12T04:42:47.905Z,181,"By purchasing this product, you will receive:
- A Steam account with the game
- No bans, 0 hours in-game
- Original email
- Can be changed: [Email | Phone number | Password]
- This is not a shared account; it is sold to one person only!",1001814582,30bc1266-d3a0-493a-bd3d-3642a6d3ff9a,,https://www.g2g.com/offers/G1762917817424JG/edit
live,G1770344697184HU,F38 poe1&2 challenge39/40 merc,lgc_game_27013,f6a1aba5-473a-4044-836a-8968bbab16d7,USD,50,0,0,false,1770344697207,1778358936098,2026-02-06T02:24:57.207Z,2026-05-09T20:35:36.098Z,96,Poe2 Account for Sale: Clean & Guaranteed Forever. Get the absolute best price through this direct user-to-user transaction.,1001814582,429de98f-62de-400b-966f-369b10bc0c36,,https://www.g2g.com/offers/G1770344697184HU/edit
live,G1741849049551VA,[Battlenet] Vessel of Hatred  - Ultimate Edition 1566 platinum,lgc_game_26891,f6a1aba5-473a-4044-836a-8968bbab16d7,USD,50,0,0,false,1741849049551,1778358936099,2025-03-13T06:57:29.551Z,2026-05-09T20:35:36.099Z,425,"I am selling my personal account and will provide you with the original email used to create the  account. 
The account is based in Vietnam, and the currency is USD.
I bought 2 pack: 
1.  The Banshee Queen : 2800 platinum
2.  Mother's Mercy: 2200 platinum
3. many skin from previous battle pass

Feel free to ask me any questions. 
Message me, and I will provide you with a full video before you make a purchase.",1001814582,7d14ad03-5914-4469-b0b4-1b77aa4a5b34,,https://www.g2g.com/offers/G1741849049551VA/edit
live,G1767015225906EV,"Ranger, Level 65, 24 passives, 4th trial, Ogham supporter pack, lifetime guarentee",lgc_game_27013,f6a1aba5-473a-4044-836a-8968bbab16d7,USD,47,0,0,false,1767015225921,1778358936098,2025-12-29T13:33:45.921Z,2026-05-09T20:35:36.098Z,134,"► No build and items
► 4th trials (8 Ascendancy points)
► All acts completed, all quests for passive points closed
► Leveled up manually
► Other characters still available",1001814582,429de98f-62de-400b-966f-369b10bc0c36,,https://www.g2g.com/offers/G1767015225906EV/edit
live,G1767599280414CE,"Ritualist, Oct 2025, ~100m gold, level 97 no point, + level 93 standard",lgc_game_27013,f6a1aba5-473a-4044-836a-8968bbab16d7,USD,45,0,0,false,1767599280430,1778358936098,2026-01-05T07:48:00.430Z,2026-05-09T20:35:36.098Z,127,,1001814582,429de98f-62de-400b-966f-369b10bc0c36,,https://www.g2g.com/offers/G1767599280414CE/edit
live,G1771127114244BP,[Steam] Diablo II: Resurrected – Infernal Edition | 0H Played,lgc_game_28960,f6a1aba5-473a-4044-836a-8968bbab16d7,USD,40,98,3920,true,1771127114264,1778585892772,2026-02-15T03:45:14.264Z,2026-05-12T11:38:12.772Z,86,"By purchasing this product, you will receive:
- A Steam account with the game
- No bans, 0 hours in-game
- Original email
- Can be changed: [Email | Phone number | Password]
- This is not a shared account; it is sold to one person only!",1001814582,13b654c2-568d-4232-8a44-5a48bacf06fd,,https://www.g2g.com/offers/G1771127114244BP/edit
live,G1762916853047RP,[Steam] Pre-Purchase INAZUMA ELEVEN: Victory Road,lgc_game_39130,f6a1aba5-473a-4044-836a-8968bbab16d7,USD,39.84,9,358.56000000000006,true,1762916853066,1778358936099,2025-11-12T03:07:33.066Z,2026-05-09T20:35:36.099Z,182,"By purchasing this product, you will receive:
- A Steam account with the game
- No bans, 0 hours in-game
- Original email
- Can be changed: [Email | Phone number | Password]
- This is not a shared account; it is sold to one person only!",1001814582,5a4cb940-bc42-4fee-b1f7-4770362cf1aa,,https://www.g2g.com/offers/G1762916853047RP/edit
live,G1767015228194XR,"Huntress, Level 60+, 24 passives, 4th trial guarantee, hotmail",lgc_game_27013,f6a1aba5-473a-4044-836a-8968bbab16d7,USD,37,8,296,true,1767015228212,1778362252674,2025-12-29T13:33:48.212Z,2026-05-09T21:30:52.674Z,134,"► No build and items
► 4th trials (8 Ascendancy points)
► All acts completed, all quests for passive points closed
► Leveled up manually
► Other characters still available",1001814582,429de98f-62de-400b-966f-369b10bc0c36,,https://www.g2g.com/offers/G1767015228194XR/edit
live,G1764218494092XQ,[STEAM] Battlefield 6 - Not linked EA - Lifetime guarantee,lgc_game_5998,f6a1aba5-473a-4044-836a-8968bbab16d7,USD,28,0,0,false,1764218494111,1778358936099,2025-11-27T04:41:34.111Z,2026-05-09T20:35:36.099Z,166,"By purchasing this product, you will receive:
- A Steam account with the game
- No bans, not linked EA yet
- Original email
- Can be changed: [Email | Phone number | Password]
- This is not a shared account; it is sold to one person only!",1001814582,286ecd89-d225-4ea4-ba7b-a365dca009d1,,https://www.g2g.com/offers/G1764218494092XQ/edit
live,G1772582833273BW,[GGG] Date created: 2025 06 Global client new account with original hotmail,lgc_game_19398,f6a1aba5-473a-4044-836a-8968bbab16d7,USD,2,181,362,true,1772582833293,1778358936098,2026-03-04T00:07:13.293Z,2026-05-09T20:35:36.098Z,70,"Platform: Client
Condition: The user has never logged in and has no blocks. Do not ask for the IP address during the first login in-game.
There is no connection to third-party services like Steam, Xbox, or PSN.
There are no restrictions.
Delivery should be fast and reliable.",1001814582,d7ff3fbe-8598-4665-8bcd-45525b1f25c5,,https://www.g2g.com/offers/G1772582833273BW/edit
live,G1758244615283WV,"Deadeye, Level 84, 24 passives, 4th trial guarantee, hotmail",lgc_game_27013,f6a1aba5-473a-4044-836a-8968bbab16d7,USD,23,2,46,true,1758244615303,1778358936099,2025-09-19T01:16:55.303Z,2026-05-09T20:35:36.099Z,236,"► No build and items
► 4th trials (8 Ascendancy points)

► All acts completed, all quests for passive points closed
► Leveled up manually
► Monk & Witch still available",1001814582,429de98f-62de-400b-966f-369b10bc0c36,,https://www.g2g.com/offers/G1758244615283WV/edit
live,G1745995974084HI,[GGG] Date created: 2025 04 Global client new account with original hotmail,lgc_game_19398,f6a1aba5-473a-4044-836a-8968bbab16d7,USD,3.2,100,320,true,1745995974103,1778358936099,2025-04-30T06:52:54.103Z,2026-05-09T20:35:36.099Z,377,"Platform: Client
Condition: The user has never logged in and has no blocks. Do not ask for the IP address during the first login in-game.
There is no connection to third-party services like Steam, Xbox, or PSN.
There are no restrictions.
Delivery should be fast and reliable.",1001814582,d7ff3fbe-8598-4665-8bcd-45525b1f25c5,,https://www.g2g.com/offers/G1745995974084HI/edit
live,G1770991886052QF,The Binding of Isaac: Rebirth Complete Bundle,lgc_game_29012,f6a1aba5-473a-4044-836a-8968bbab16d7,USD,20,9,180,true,1770991886060,1778435740957,2026-02-13T14:11:26.060Z,2026-05-10T17:55:40.957Z,88,"By purchasing this product, you will receive:
- A Steam account with the game
- No bans, 0 hours in-game
- Original email
- Can be changed: [Email | Phone number | Password]
- This is not a shared account; it is sold to one person only!",1001814582,df184800-5e76-4104-aab0-897c50b92c11,,https://www.g2g.com/offers/G1770991886052QF/edit
live,G1769905487340LG,[STEAM] Cairn | 0H Played,lgc_game_38859,f6a1aba5-473a-4044-836a-8968bbab16d7,USD,10.49,97,1017.53,true,1769905487359,1778358936098,2026-02-01T00:24:47.359Z,2026-05-09T20:35:36.098Z,101,"By purchasing this product, you will receive:
- A Steam account with the game
- No bans, 0 hours in-game
- Original email
- Can be changed: [Email | Phone number | Password]
- This is not a shared account; it is sold to one person only!",1001814582,342f0ddd-5c31-4ae7-9d8b-b19c87ad80c1,,https://www.g2g.com/offers/G1769905487340LG/edit
live,G1768262580946NH,[STEAM] Quarantine Zone: The Last Check | 0H Played,lgc_game_39733,f6a1aba5-473a-4044-836a-8968bbab16d7,USD,7.8,98,764.4,true,1768262580964,1778358936098,2026-01-13T00:03:00.964Z,2026-05-09T20:35:36.098Z,120,"By purchasing this product, you will receive:
- A Steam account with the game
- No bans, 0 hours in-game
- Original email
- Can be changed: [Email | Phone number | Password]
- This is not a shared account; it is sold to one person only!",1001814582,7fd131f5-aed3-4ddb-a6ac-feee26532556,,https://www.g2g.com/offers/G1768262580946NH/edit
live,G1738543733491QP,[Steam] Early Access Supporter Pack | 300 point,lgc_game_27013,f6a1aba5-473a-4044-836a-8968bbab16d7,USD,15.22,998,15189.560000000001,true,1738543733491,1778358936099,2025-02-03T00:48:53.491Z,2026-05-09T20:35:36.099Z,464,"By purchasing this product, you will receive:
- A Steam account with the game
- No bans
- Original email
- Can be changed: [Email | Phone number | Password]
- This is not a shared account; it is sold to one person only!",1001814582,429de98f-62de-400b-966f-369b10bc0c36,,https://www.g2g.com/offers/G1738543733491QP/edit
live,G1737379832719WN,Global - Official poe2 client key early access [0 point],lgc_game_27013,f6a1aba5-473a-4044-836a-8968bbab16d7,USD,15.3,8,122.4,true,1737379832719,1778616678585,2025-01-20T13:30:32.719Z,2026-05-12T20:11:18.585Z,477,"1. I created new account with your email and active the key
2. I can give the key and you can active it by yourself.
* please records a videos when you active the key
redeeme key in the link: poe_web_com/shop/redeem-key

This is a Path of Exile 2 early access key, not a Steam key. After redeeming the Path of Exile 2 early access key, you will receive a Steam or Epic Games key. You can then activate it with your account, but it may not work due to regional restrictions. 
You can make a purchase even if I am not online. I will receive an email notification on my phone shortly after you make your purchase.",1001814582,429de98f-62de-400b-966f-369b10bc0c36,,https://www.g2g.com/offers/G1737379832719WN/edit
live,G1764633461808WC,[Steam] MARVEL Cosmic Invasion,lgc_game_39300,f6a1aba5-473a-4044-836a-8968bbab16d7,USD,15,9,135,true,1764633461826,1778358936098,2025-12-01T23:57:41.826Z,2026-05-09T20:35:36.098Z,162,"Product Includes:
- A Steam account with the game purchased via wallet code.
- Access to the original email address (including the initial welcome email).
- Full ability to change credentials: Email, Phone Number, and Password.
- Private Account: This is not shared; it is sold exclusively to one owner.",1001814582,046c54c8-cf79-4c74-99d2-96434c653597,,https://www.g2g.com/offers/G1764633461808WC/edit
live,G1761797497758ME,New Steam Account - hotmail,lgc_game_35634,f6a1aba5-473a-4044-836a-8968bbab16d7,USD,14,4,56,true,1761797497773,1778358936099,2025-10-30T04:11:37.773Z,2026-05-09T20:35:36.099Z,194,"By purchasing this product, you will receive:
- A Steam account with the game 【Titan Quest II】
- No bans, 0 hours in-game
- Account region: Viet Nam
- Original email: Outlook - Microsoft email
- Can be changed: [Email | Phone number | Password]
- This is not a shared account; it is sold to one person only!",1001814582,011005c1-9043-4da9-b52a-9cb14fb9834a,,https://www.g2g.com/offers/G1761797497758ME/edit
live,G1764900307288LZ,[STEAM] Assetto Corsa EVO,lgc_game_35656,f6a1aba5-473a-4044-836a-8968bbab16d7,USD,14.6,9,131.4,true,1764900307312,1778358936098,2025-12-05T02:05:07.312Z,2026-05-09T20:35:36.098Z,159,"By purchasing this product, you will receive:
- A Steam account with the game
- No bans, 0 hours in-game
- Original email
- Can be changed: [Email | Phone number | Password]
- This is not a shared account; it is sold to one person only!",1001814582,bba2e448-bb1f-4a76-a368-1d4f5c69f52f,,https://www.g2g.com/offers/G1764900307288LZ/edit
live,G1762918024370FI,[STEAM] Grounded 2,lgc_game_37681,f6a1aba5-473a-4044-836a-8968bbab16d7,USD,15,100,1500,true,1762918024393,1778358936099,2025-11-12T03:27:04.393Z,2026-05-09T20:35:36.099Z,181,"By purchasing this product, you will receive:
- A Steam account with the game
- No bans
- Original email
- Can be changed: [Email | Phone number | Password]
- This is not a shared account; it is sold to one person only!",1001814582,e01f42c8-dde5-4cdf-80c1-d2a01539a04d,,https://www.g2g.com/offers/G1762918024370FI/edit
live,G1764212823936CM,[STEAM] Of Ash and Steel,lgc_game_38015,f6a1aba5-473a-4044-836a-8968bbab16d7,USD,12,9,108,true,1764212823954,1778358936099,2025-11-27T03:07:03.954Z,2026-05-09T20:35:36.099Z,167,"By purchasing this product, you will receive:
- A Steam account with the game
- No bans, 0 hours in-game
- Original email
- Can be changed: [Email | Phone number | Password]
- This is not a shared account; it is sold to one person only!",1001814582,fad1295c-3b43-4992-aeac-5313d7f5815e,,https://www.g2g.com/offers/G1764212823936CM/edit
live,G1769905391881LD,[STEAM] Half Sword | 0H Played | Offer ends 13 February 2026,lgc_game_39435,f6a1aba5-473a-4044-836a-8968bbab16d7,USD,7.9,99,782.1,true,1769905391903,1778358936098,2026-02-01T00:23:11.903Z,2026-05-09T20:35:36.098Z,101,"By purchasing this product, you will receive:
- A Steam account with the game
- No bans, 0 hours in-game
- Original email
- Can be changed: [Email | Phone number | Password]
- This is not a shared account; it is sold to one person only!",1001814582,610ce32b-f95d-48d4-a4d7-e17e1683571f,,https://www.g2g.com/offers/G1769905391881LD/edit
live,G1768311168090HS,[STEAM] Quarantine Zone: The Last Check | 0H Played | Original Microsoft email,lgc_game_39733,f6a1aba5-473a-4044-836a-8968bbab16d7,USD,7.7,0,0,false,1768311168108,1778358936098,2026-01-13T13:32:48.108Z,2026-05-09T20:35:36.098Z,119,"By purchasing this product, you will receive:
- A Steam account with the game
- No bans, 0 hours in-game
- Original email
- Can be changed: [Email | Phone number | Password]
- This is not a shared account; it is sold to one person only!",1001814582,7fd131f5-aed3-4ddb-a6ac-feee26532556,,https://www.g2g.com/offers/G1768311168090HS/edit
live,G1769820244629LH,[STEAM] Project: Gorgon | 0H Played,lgc_game_39937,f6a1aba5-473a-4044-836a-8968bbab16d7,USD,8.49,99,840.51,true,1769820244648,1778358936098,2026-01-31T00:44:04.648Z,2026-05-09T20:35:36.098Z,102,"By purchasing this product, you will receive:
- A Steam account with the game
- No bans, 0 hours in-game
- Original email
- Can be changed: [Email | Phone number | Password]
- This is not a shared account; it is sold to one person only!",1001814582,3829a7e9-0d41-46ed-bbe9-b95f4ab7c03a,,https://www.g2g.com/offers/G1769820244629LH/edit
live,G1762214831388OH,[STEAM] MISERY | 0H Played,lgc_game_39046,f6a1aba5-473a-4044-836a-8968bbab16d7,USD,6.3,9,56.699999999999996,true,1762214831426,1778358936099,2025-11-04T00:07:11.426Z,2026-05-09T20:35:36.099Z,190,"By purchasing this product, you will receive:
- A Steam account with the game
- No bans, 0 hours in-game
- Original email
- Can be changed: [Email | Phone number | Password]
- This is not a shared account; it is sold to one person only!",1001814582,70ef208e-acee-41e0-9a01-37e8bc65ff5d,,https://www.g2g.com/offers/G1762214831388OH/edit
live,G1765157418265GR,[Steam] Geometry Dash | 0H Played | Microsoft email,lgc_game_34469,f6a1aba5-473a-4044-836a-8968bbab16d7,USD,3.5,8,28,true,1765157418283,1778358936098,2025-12-08T01:30:18.283Z,2026-05-09T20:35:36.098Z,156,"By purchasing this product, you will receive:
- A Steam account with the game
- No bans, 0 hours in-game
- Original email
- Can be changed: [Email | Phone number | Password]
- This is not a shared account; it is sold to one person only!",1001814582,0d97fb03-4965-44bf-bbaf-36adfa34c1be,,https://www.g2g.com/offers/G1765157418265GR/edit
live,G1768175727530BI,[STEAM] Dome Keeper | 0H Played,lgc_game_37282,f6a1aba5-473a-4044-836a-8968bbab16d7,USD,3.47,9,31.23,true,1768175727548,1778358936098,2026-01-11T23:55:27.548Z,2026-05-09T20:35:36.098Z,121,"By purchasing this product, you will receive:
- A Steam account with the game
- No bans, 0 hours in-game
- Original email
- Can be changed: [Email | Phone number | Password]
- This is not a shared account; it is sold to one person only!",1001814582,953b2722-4fce-4417-b430-4facbd7af3ba,,https://www.g2g.com/offers/G1768175727530BI/edit
live,G1764128589801GC,Risk of Rain 2 - Lifetime guarantee,lgc_game_27402,f6a1aba5-473a-4044-836a-8968bbab16d7,USD,2.95,0,0,false,1764128589812,1778358936099,2025-11-26T03:43:09.812Z,2026-05-09T20:35:36.099Z,167,"By purchasing this product, you will receive:
- A Steam account with the game
- No bans, 0 hours in-game
- Original email
- Can be changed: [Email | Phone number | Password]
- This is not a shared account; it is sold to one person only!",1001814582,d8ada04a-f6b4-4700-a07f-23809cfa0e00,,https://www.g2g.com/offers/G1764128589801GC/edit
live,G1766205412015YJ,[STEAM] Dead Island 2 | 0H Played,lgc_game_32021,f6a1aba5-473a-4044-836a-8968bbab16d7,USD,30.1,99,2979.9,true,1766205412033,1778358936098,2025-12-20T04:36:52.033Z,2026-05-09T20:35:36.098Z,143,"By purchasing this product, you will receive:
- A Steam account with the game
- No bans, 0 hours in-game
- Original email
- Can be changed: [Email | Phone number | Password]
- This is not a shared account; it is sold to one person only!",1001814582,afb7d897-51e3-4f09-9803-e6e0e0fdf386,,https://www.g2g.com/offers/G1766205412015YJ/edit
live,G1766205494380FW,[STEAM]  Detroit: Become Human | 0H Played,lgc_game_34160,f6a1aba5-473a-4044-836a-8968bbab16d7,USD,17.49,9,157.41,true,1766205494403,1778358936098,2025-12-20T04:38:14.403Z,2026-05-09T20:35:36.098Z,143,"By purchasing this product, you will receive:
- A Steam account with the game
- No bans, 0 hours in-game
- Original email
- Can be changed: [Email | Phone number | Password]
- This is not a shared account; it is sold to one person only!",1001814582,56988aab-85d3-4111-9f3d-569abb839e59,,https://www.g2g.com/offers/G1766205494380FW/edit
live,G1764639720301ME,[STEAM] Euro Truck Simulator 2,lgc_game_29891,f6a1aba5-473a-4044-836a-8968bbab16d7,USD,9.26,10,92.6,true,1764639720319,1778358936098,2025-12-02T01:42:00.319Z,2026-05-09T20:35:36.098Z,162,"By purchasing this product, you will receive:
- A Steam account with the game
- No bans, 0 hours in-game
- Original email
- Can be changed: [Email | Phone number | Password]
- This is not a shared account; it is sold to one person only!",1001814582,54f48584-570b-4b79-9ef7-51e2b92f0ffd,,https://www.g2g.com/offers/G1764639720301ME/edit
live,G1777971474698VW,[[GGG] Date created: 2026 04 Global client new account with original hotmail,lgc_game_19398,f6a1aba5-473a-4044-836a-8968bbab16d7,USD,0.4,0,0,false,1777971474704,1778358936098,2026-05-05T08:57:54.704Z,2026-05-09T20:35:36.098Z,7,"Platform: Client
Condition: The user has never logged in and has no blocks. Do not ask for the IP address during the first login in-game.
There is no connection to third-party services like Steam, Xbox, or PSN.
There are no restrictions.
Delivery should be fast and reliable.",1001814582,d7ff3fbe-8598-4665-8bcd-45525b1f25c5,,https://www.g2g.com/offers/G1777971474698VW/edit
live,G1776246753043QL,[STEAM] Windrose | 0H Played,lgc_game_40739,f6a1aba5-473a-4044-836a-8968bbab16d7,USD,12.9,100,1290,true,1776246753081,1778358936098,2026-04-15T09:52:33.081Z,2026-05-09T20:35:36.098Z,27,"By purchasing this product, you will receive:
- A Steam account with the game
- No bans, 0 hours in-game
- Original email
- Can be changed: [Email | Phone number | Password]
- This is not a shared account; it is sold to one person only!",1001814582,4641efc6-0fd6-4eb3-803c-ae6e5e652146,,https://www.g2g.com/offers/G1776246753043QL/edit
live,G1774931954835LM,"Witch, Level 65+, full passives, 2 lab, guarantee, hotmail",lgc_game_19398,f6a1aba5-473a-4044-836a-8968bbab16d7,USD,11,10,110,true,1774931954873,1778358936098,2026-03-31T04:39:14.873Z,2026-05-09T20:35:36.098Z,42,"► No build and items
► All acts completed, all quests for passive points closed, 2 lab
► Leveled up manually
► Other characters still available
► Not linked to any third party (steam/xbox/epic)",1001814582,d7ff3fbe-8598-4665-8bcd-45525b1f25c5,,https://www.g2g.com/offers/G1774931954835LM/edit
live,G1774931946316BL,"Ranger, Level 65+, full passives, 2 lab, guarantee, hotmail",lgc_game_19398,f6a1aba5-473a-4044-836a-8968bbab16d7,USD,11,10,110,true,1774931946339,1778358936098,2026-03-31T04:39:06.339Z,2026-05-09T20:35:36.098Z,42,"► No build and items
► All acts completed, all quests for passive points closed, 2 lab
► Leveled up manually
► Other characters still available
► Not linked to any third party (steam/xbox/epic)",1001814582,d7ff3fbe-8598-4665-8bcd-45525b1f25c5,,https://www.g2g.com/offers/G1774931946316BL/edit
live,G1774931944356BY,"Duelist, Level 65+, full passives, 2 lab, guarantee, hotmail",lgc_game_19398,f6a1aba5-473a-4044-836a-8968bbab16d7,USD,11,10,110,true,1774931944379,1778358936098,2026-03-31T04:39:04.379Z,2026-05-09T20:35:36.098Z,42,"► No build and items
► All acts completed, all quests for passive points closed, 2 lab
► Leveled up manually
► Other characters still available
► Not linked to any third party (steam/xbox/epic)",1001814582,d7ff3fbe-8598-4665-8bcd-45525b1f25c5,,https://www.g2g.com/offers/G1774931944356BY/edit
live,G1774931941296HU,"Shadow, Level 65+, full passives, 2 lab, guarantee, hotmail",lgc_game_19398,f6a1aba5-473a-4044-836a-8968bbab16d7,USD,11,10,110,true,1774931941319,1778358936098,2026-03-31T04:39:01.319Z,2026-05-09T20:35:36.098Z,42,"► No build and items
► All acts completed, all quests for passive points closed, 2 lab
► Leveled up manually
► Other characters still available
► Not linked to any third party (steam/xbox/epic)",1001814582,d7ff3fbe-8598-4665-8bcd-45525b1f25c5,,https://www.g2g.com/offers/G1774931941296HU/edit
live,G1774931939044FG,"Templar, Level 65+, full passives, 2 lab, guarantee, hotmail",lgc_game_19398,f6a1aba5-473a-4044-836a-8968bbab16d7,USD,11,10,110,true,1774931939077,1778358936098,2026-03-31T04:38:59.077Z,2026-05-09T20:35:36.098Z,42,"► No build and items
► All acts completed, all quests for passive points closed, 2 lab
► Leveled up manually
► Other characters still available
► Not linked to any third party (steam/xbox/epic)",1001814582,d7ff3fbe-8598-4665-8bcd-45525b1f25c5,,https://www.g2g.com/offers/G1774931939044FG/edit
live,G1774931927922YC,"Scion, Level 65+, full passives, 2 lab, guarantee, hotmail",lgc_game_19398,f6a1aba5-473a-4044-836a-8968bbab16d7,USD,11,10,110,true,1774931927941,1778358936098,2026-03-31T04:38:47.941Z,2026-05-09T20:35:36.098Z,42,"► No build and items
► All acts completed, all quests for passive points closed, 2 lab
► Leveled up manually
► Other characters still available
► Not linked to any third party (steam/xbox/epic)",1001814582,d7ff3fbe-8598-4665-8bcd-45525b1f25c5,,https://www.g2g.com/offers/G1774931927922YC/edit
live,G1774931920097GU,"Marauder, Level 65+, full passives, 2 lab, guarantee, hotmail",lgc_game_19398,f6a1aba5-473a-4044-836a-8968bbab16d7,USD,11,10,110,true,1774931920119,1778358936098,2026-03-31T04:38:40.119Z,2026-05-09T20:35:36.098Z,42,"► No build and items
► All acts completed, all quests for passive points closed, 2 lab
► Leveled up manually
► Other characters still available
► Not linked to any third party (steam/xbox/epic)",1001814582,d7ff3fbe-8598-4665-8bcd-45525b1f25c5,,https://www.g2g.com/offers/G1774931920097GU/edit
live,G1772886850041EA,[STEAM] The Riftbreaker | 0H Played,lgc_game_38551,f6a1aba5-473a-4044-836a-8968bbab16d7,USD,12.5,100,1250,true,1772886850059,1778358936098,2026-03-07T12:34:10.059Z,2026-05-09T20:35:36.098Z,66,"By purchasing this product, you will receive:
- A Steam account with the game
- No bans, 0 hours in-game
- Original email
- Can be changed: [Email | Phone number | Password]
- This is not a shared account; it is sold to one person only!",1001814582,f07582af-95ed-4ba9-8f7a-eb4b4c7b89a7,,https://www.g2g.com/offers/G1772886850041EA/edit
live,G1772853571192AY,[STEAM] Slay the Spire 2 | 0H Played,lgc_game_36144,f6a1aba5-473a-4044-836a-8968bbab16d7,USD,12.2,100,1220,true,1772853571230,1778358936098,2026-03-07T03:19:31.230Z,2026-05-09T20:35:36.098Z,67,"By purchasing this product, you will receive:
- A Steam account with the game
- No bans, 0 hours in-game
- Original email
- Can be changed: [Email | Phone number | Password]
- This is not a shared account; it is sold to one person only!",1001814582,ed9ff159-8eec-40db-bc22-30f49b02c4ac,,https://www.g2g.com/offers/G1772853571192AY/edit
live,G1772853482312LW,[STEAM] Marathon | 0H Played,lgc_game_37004,f6a1aba5-473a-4044-836a-8968bbab16d7,USD,26,100,2600,true,1772853482350,1778358936098,2026-03-07T03:18:02.350Z,2026-05-09T20:35:36.098Z,67,"By purchasing this product, you will receive:
- A Steam account with the game
- No bans, 0 hours in-game
- Original email
- Can be changed: [Email | Phone number | Password]
- This is not a shared account; it is sold to one person only!",1001814582,3bb860e3-04a1-4355-9b60-187ea0cb04f6,,https://www.g2g.com/offers/G1772853482312LW/edit
live,G1772290139100GQ,[STEAM] The Crew Motorfest | 0H Played,lgc_game_32680,f6a1aba5-473a-4044-836a-8968bbab16d7,USD,38,100,3800,true,1772290139107,1778358936098,2026-02-28T14:48:59.107Z,2026-05-09T20:35:36.098Z,73,"By purchasing this product, you will receive:
- A Steam account with the game
- No bans, 0 hours in-game
- Original email
- Can be changed: [Email | Phone number | Password]
- This is not a shared account; it is sold to one person only!",1001814582,c588b6ec-1502-41f8-a4bd-ecd4a196caf6,,https://www.g2g.com/offers/G1772290139100GQ/edit
live,G1772200989880YK,[STEAM] Core Keeper | 0H Played,lgc_game_31107,f6a1aba5-473a-4044-836a-8968bbab16d7,USD,6,100,600,true,1772200989904,1778358936098,2026-02-27T14:03:09.904Z,2026-05-09T20:35:36.098Z,74,"By purchasing this product, you will receive:
- A Steam account with the game
- No bans, 0 hours in-game
- Original email
- Can be changed: [Email | Phone number | Password]
- This is not a shared account; it is sold to one person only!",1001814582,e8ea2486-1a56-403d-8ff4-fb9309cee2ed,,https://www.g2g.com/offers/G1772200989880YK/edit
live,G1772200873722SV,[STEAM] Resident Evil Requiem | 0H Played,lgc_game_39252,f6a1aba5-473a-4044-836a-8968bbab16d7,USD,46,100,4600,true,1772200873756,1778358936098,2026-02-27T14:01:13.756Z,2026-05-09T20:35:36.098Z,74,"By purchasing this product, you will receive:
- A Steam account with the game
- No bans, 0 hours in-game
- Original email
- Can be changed: [Email | Phone number | Password]
- This is not a shared account; it is sold to one person only!",1001814582,d8d44048-1f67-49c9-a2d0-51a4c309d114,,https://www.g2g.com/offers/G1772200873722SV/edit
live,G1772062678871EG,[STEAM] Fields of Mistria | 0H Played,lgc_game_35601,f6a1aba5-473a-4044-836a-8968bbab16d7,USD,7.2,100,720,true,1772062678908,1778358936098,2026-02-25T23:37:58.908Z,2026-05-09T20:35:36.098Z,76,"By purchasing this product, you will receive:
- A Steam account with the game
- No bans, 0 hours in-game
- Original email
- Can be changed: [Email | Phone number | Password]
- This is not a shared account; it is sold to one person only!",1001814582,55604350-1d70-4a05-8291-c5d32dab869a,,https://www.g2g.com/offers/G1772062678871EG/edit
live,G1772061605470UB,"[STEAM] ULTRAKILL | 0H Played | Daily Deal, ends 2 March 2026",lgc_game_34575,f6a1aba5-473a-4044-836a-8968bbab16d7,USD,5.5,100,550,true,1772061605489,1778358936098,2026-02-25T23:20:05.489Z,2026-05-09T20:35:36.098Z,76,"By purchasing this product, you will receive:
- A Steam account with the game
- No bans, 0 hours in-game
- Original email
- Can be changed: [Email | Phone number | Password]
- This is not a shared account; it is sold to one person only!",1001814582,fdf6700f-6615-4ee5-adcc-5fb58cfb8636,,https://www.g2g.com/offers/G1772061605470UB/edit
live,G1771771207954HU,[STEAM] WWE 2K26 | 0H Played,lgc_game_40067,f6a1aba5-473a-4044-836a-8968bbab16d7,USD,48.89,100,4889,true,1771771207977,1778358936098,2026-02-22T14:40:07.977Z,2026-05-09T20:35:36.098Z,79,"By purchasing this product, you will receive:
- A Steam account with the game
- No bans, 0 hours in-game
- Original email
- Can be changed: [Email | Phone number | Password]
- This is not a shared account; it is sold to one person only!",1001814582,dec9fb4a-e6e5-400d-8a34-1a25ca350f46,,https://www.g2g.com/offers/G1771771207954HU/edit
live,G1771770836542MW,[STEAM] LEGO Batman: Legacy of the Dark Knight | 0H Played,lgc_game_40057,f6a1aba5-473a-4044-836a-8968bbab16d7,USD,47.5,100,4750,true,1771770836579,1778358936098,2026-02-22T14:33:56.579Z,2026-05-09T20:35:36.098Z,79,"By purchasing this product, you will receive:
- A Steam account with the game
- No bans, 0 hours in-game
- Original email
- Can be changed: [Email | Phone number | Password]
- This is not a shared account; it is sold to one person only!",1001814582,34e02878-b99d-4930-b43e-0f3e45d589e4,,https://www.g2g.com/offers/G1771770836542MW/edit
live,G1771545225735OJ,[STEAM] Fellowship | 0H Played,lgc_game_38503,f6a1aba5-473a-4044-836a-8968bbab16d7,USD,8.5,100,850,true,1771545225753,1778358936098,2026-02-19T23:53:45.753Z,2026-05-09T20:35:36.098Z,82,"By purchasing this product, you will receive:
- A Steam account with the game
- No bans, 0 hours in-game
- Original email
- Can be changed: [Email | Phone number | Password]
- This is not a shared account; it is sold to one person only!",1001814582,5bbadb43-f668-4c33-8a35-4b92de2f52b1,,https://www.g2g.com/offers/G1771545225735OJ/edit
live,G1771335751088SM,[STEAM] No Man's Sky | 0H Played,lgc_game_28294,f6a1aba5-473a-4044-836a-8968bbab16d7,USD,8,100,800,true,1771335751111,1778358936098,2026-02-17T13:42:31.111Z,2026-05-09T20:35:36.098Z,84,"By purchasing this product, you will receive:
- A Steam account with the game
- No bans, 0 hours in-game
- Original email
- Can be changed: [Email | Phone number | Password]
- This is not a shared account; it is sold to one person only!",1001814582,dcc67260-e826-455e-8674-63e13ee70ada,,https://www.g2g.com/offers/G1771335751088SM/edit
live,G1771032773077GB,[STEAM] Reanimal | 0H Played,lgc_game_35619,f6a1aba5-473a-4044-836a-8968bbab16d7,USD,19,100,1900,true,1771032773114,1778358936098,2026-02-14T01:32:53.114Z,2026-05-09T20:35:36.098Z,88,"By purchasing this product, you will receive:
- A Steam account with the game
- No bans, 0 hours in-game
- Original email
- Can be changed: [Email | Phone number | Password]
- This is not a shared account; it is sold to one person only!",1001814582,817eccee-2ef7-49e2-8e0e-af93c674d23a,,https://www.g2g.com/offers/G1771032773077GB/edit
live,G1771032755390QD,[STEAM]  REANIMAL Digital Deluxe Edition | 0H Played,lgc_game_35619,f6a1aba5-473a-4044-836a-8968bbab16d7,USD,26,100,2600,true,1771032755410,1778358936098,2026-02-14T01:32:35.410Z,2026-05-09T20:35:36.098Z,88,"By purchasing this product, you will receive:
- A Steam account with the game
- No bans, 0 hours in-game
- Original email
- Can be changed: [Email | Phone number | Password]
- This is not a shared account; it is sold to one person only!",1001814582,817eccee-2ef7-49e2-8e0e-af93c674d23a,,https://www.g2g.com/offers/G1771032755390QD/edit
live,G1770767384013CN,"[STEAM] Mewgenics | 0H Played | Introductory Offer, ends 24 February 2026",lgc_game_39955,f6a1aba5-473a-4044-836a-8968bbab16d7,USD,9.3,3,27.900000000000002,true,1770767384046,1778358936098,2026-02-10T23:49:44.046Z,2026-05-09T20:35:36.098Z,91,"By purchasing this product, you will receive:
- A Steam account with the game
- No bans, 0 hours in-game
- Original email
- Can be changed: [Email | Phone number | Password]
- This is not a shared account; it is sold to one person only!",1001814582,0a6f9486-43c1-4950-aa2a-56b171080b06,,https://www.g2g.com/offers/G1770767384013CN/edit
live,G1770765873453NO,"[STEAM] Mewgenics | 0H Played | Introductory Offer, ends 24 February 2026",lgc_game_39955,f6a1aba5-473a-4044-836a-8968bbab16d7,USD,9.3,100,930.0000000000001,true,1770765873475,1778358936098,2026-02-10T23:24:33.475Z,2026-05-09T20:35:36.098Z,91,"By purchasing this product, you will receive:
- A Steam account with the game
- No bans, 0 hours in-game
- Original email
- Can be changed: [Email | Phone number | Password]
- This is not a shared account; it is sold to one person only!",1001814582,0a6f9486-43c1-4950-aa2a-56b171080b06,,https://www.g2g.com/offers/G1770765873453NO/edit
live,G1770687864756QG,[STEAM] Helldivers 2 | 0H Played,lgc_game_33035,f6a1aba5-473a-4044-836a-8968bbab16d7,USD,30,100,3000,true,1770687864789,1778358936098,2026-02-10T01:44:24.789Z,2026-05-09T20:35:36.098Z,92,"By purchasing this product, you will receive:
- A Steam account with the game
- No bans, 0 hours in-game
- Original email
- Can be changed: [Email | Phone number | Password]
- This is not a shared account; it is sold to one person only!",1001814582,0a5218a0-52d3-4d9a-99a5-6210d437ea01,,https://www.g2g.com/offers/G1770687864756QG/edit
live,G1770202634153LJ,[STEAM] DRAGON QUEST VII Reimagined | 0H Played,lgc_game_39767,f6a1aba5-473a-4044-836a-8968bbab16d7,USD,45,100,4500,true,1770202634187,1778358936098,2026-02-04T10:57:14.187Z,2026-05-09T20:35:36.098Z,97,"By purchasing this product, you will receive:
- A Steam account with the game
- No bans, 0 hours in-game
- Original email
- Can be changed: [Email | Phone number | Password]
- This is not a shared account; it is sold to one person only!",1001814582,2d3ad8a3-bf1c-47cb-b13d-9ee19af4844b,,https://www.g2g.com/offers/G1770202634153LJ/edit
live,G1770121557064OV,"[STEAM] Monster Train 2 | 0H Played | Midweek Deal, ends 11 February 2026",lgc_game_37192,f6a1aba5-473a-4044-836a-8968bbab16d7,USD,11,100,1100,true,1770121557087,1778358936098,2026-02-03T12:25:57.087Z,2026-05-09T20:35:36.098Z,98,"By purchasing this product, you will receive:
- A Steam account with the game
- No bans, 0 hours in-game
- Original email
- Can be changed: [Email | Phone number | Password]
- This is not a shared account; it is sold to one person only!",1001814582,2f3da3d5-8f7c-44fd-91cc-3b5d63328fc8,,https://www.g2g.com/offers/G1770121557064OV/edit
live,G1769905272002OA,Nioh 3 Digital Deluxe Edition with Pre-purchase Bonus,lgc_game_38818,f6a1aba5-473a-4044-836a-8968bbab16d7,USD,82.76,100,8276,true,1769905272024,1778358936098,2026-02-01T00:21:12.024Z,2026-05-09T20:35:36.098Z,101,"By purchasing this product, you will receive:
- A Steam account with the game
- No bans, 0 hours in-game
- Original email
- Can be changed: [Email | Phone number | Password]
- This is not a shared account; it is sold to one person only!",1001814582,51c8eb99-d55f-4e14-b040-4ca3c40ca541,,https://www.g2g.com/offers/G1769905272002OA/edit
live,G1769905172092CR,[STEAM] Nioh 3 | 0H Played,lgc_game_38818,f6a1aba5-473a-4044-836a-8968bbab16d7,USD,52.67,100,5267,true,1769905172115,1778358936098,2026-02-01T00:19:32.115Z,2026-05-09T20:35:36.098Z,101,"By purchasing this product, you will receive:
- A Steam account with the game
- No bans, 0 hours in-game
- Original email
- Can be changed: [Email | Phone number | Password]
- This is not a shared account; it is sold to one person only!",1001814582,51c8eb99-d55f-4e14-b040-4ca3c40ca541,,https://www.g2g.com/offers/G1769905172092CR/edit
live,G1769904941375MK,"[STEAM]  Grounded - Weekend Deal, ends 5 February 2026",lgc_game_31278,f6a1aba5-473a-4044-836a-8968bbab16d7,USD,5.53,100,553,true,1769904941393,1778358936098,2026-02-01T00:15:41.393Z,2026-05-09T20:35:36.098Z,101,"By purchasing this product, you will receive:
- A Steam account with the game
- No bans, 0 hours in-game
- Original email
- Can be changed: [Email | Phone number | Password]
- This is not a shared account; it is sold to one person only!",1001814582,93cc3852-5cb2-4cad-8c36-34a2fa6430ca,,https://www.g2g.com/offers/G1769904941375MK/edit
live,G1769828623392HM,[STEAM] Deep Rock Galactic | 0H Played,lgc_game_33700,f6a1aba5-473a-4044-836a-8968bbab16d7,USD,8.78,100,877.9999999999999,true,1769828623407,1778358936098,2026-01-31T03:03:43.407Z,2026-05-09T20:35:36.098Z,102,"By purchasing this product, you will receive:
- A Steam account with the game
- No bans, 0 hours in-game
- Original email
- Can be changed: [Email | Phone number | Password]
- This is not a shared account; it is sold to one person only!",1001814582,f7ade227-3acb-45f6-9285-8f6fe10d480e,,https://www.g2g.com/offers/G1769828623392HM/edit
live,G1769820432247PP,[STEAM] Styx: Blades of Greed | 0H Played,lgc_game_39964,f6a1aba5-473a-4044-836a-8968bbab16d7,USD,24.99,100,2499,true,1769820432262,1778358936098,2026-01-31T00:47:12.262Z,2026-05-09T20:35:36.098Z,102,"By purchasing this product, you will receive:
- A Steam account with the game
- No bans, 0 hours in-game
- Original email
- Can be changed: [Email | Phone number | Password]
- This is not a shared account; it is sold to one person only!",1001814582,8c153d57-15b5-4f98-b9ae-9f1a1ce5c462,,https://www.g2g.com/offers/G1769820432247PP/edit
live,G1768479794783BL,[Steam] Microsoft Flight Simulator 2020,lgc_game_39843,f6a1aba5-473a-4044-836a-8968bbab16d7,USD,53,100,5300,true,1768479794802,1778358936098,2026-01-15T12:23:14.802Z,2026-05-09T20:35:36.098Z,117,"By purchasing this product, you will receive:
- A Steam account with the game
- No bans, 0 hours in-game
- Original email
- Can be changed: [Email | Phone number | Password]
- This is not a shared account; it is sold to one person only!",1001814582,751c6542-de6a-4aca-8a78-b4a3d7c1e999,,https://www.g2g.com/offers/G1768479794783BL/edit
live,G1768479651613ZU,[STEAM] Cozy Caravan | 0H Played,lgc_game_39803,f6a1aba5-473a-4044-836a-8968bbab16d7,USD,9.9,1,9.9,true,1768479651627,1778358936098,2026-01-15T12:20:51.627Z,2026-05-09T20:35:36.098Z,117,"By purchasing this product, you will receive:
- A Steam account with the game
- No bans, 0 hours in-game
- Original email
- Can be changed: [Email | Phone number | Password]
- This is not a shared account; it is sold to one person only!",1001814582,844584de-56dc-4912-a8b2-ac39533c220b,,https://www.g2g.com/offers/G1768479651613ZU/edit
live,G1768479524064RV,[STEAM] Bayonetta & Vanquish Bundle,lgc_game_39800,f6a1aba5-473a-4044-836a-8968bbab16d7,USD,25,100,2500,true,1768479524083,1778358936098,2026-01-15T12:18:44.083Z,2026-05-09T20:35:36.098Z,117,"By purchasing this product, you will receive:
- A Steam account with the game
- No bans, 0 hours in-game
- Original email
- Can be changed: [Email | Phone number | Password]
- This is not a shared account; it is sold to one person only!",1001814582,307b41d7-9ca0-4c0e-8a54-ff86d1d85ade,,https://www.g2g.com/offers/G1768479524064RV/edit
live,G1768479249008XW,[STEAM] Bayonetta & Vanquish Bundle,lgc_game_39800,f6a1aba5-473a-4044-836a-8968bbab16d7,USD,23,100,2300,true,1768479249023,1778358936098,2026-01-15T12:14:09.023Z,2026-05-09T20:35:36.098Z,117,"By purchasing this product, you will receive:
- A Steam account with the game
- No bans, 0 hours in-game
- Original email
- Can be changed: [Email | Phone number | Password]
- This is not a shared account; it is sold to one person only!",1001814582,307b41d7-9ca0-4c0e-8a54-ff86d1d85ade,,https://www.g2g.com/offers/G1768479249008XW/edit
live,G1768312059126NX,[STEAM] MAINCORE | 0H Played,lgc_game_39718,f6a1aba5-473a-4044-836a-8968bbab16d7,USD,9.9,100,990,true,1768312059145,1778358936098,2026-01-13T13:47:39.145Z,2026-05-09T20:35:36.098Z,119,"By purchasing this product, you will receive:
- A Steam account with the game
- No bans, 0 hours in-game
- Original email
- Can be changed: [Email | Phone number | Password]
- This is not a shared account; it is sold to one person only!",1001814582,36920638-6e79-403d-a175-767435520279,,https://www.g2g.com/offers/G1768312059126NX/edit
live,G1768311867271SW,[STEAM] My Winter Car | 0H Played,lgc_game_39760,f6a1aba5-473a-4044-836a-8968bbab16d7,USD,7.9,100,790,true,1768311867290,1778358936098,2026-01-13T13:44:27.290Z,2026-05-09T20:35:36.098Z,119,"By purchasing this product, you will receive:
- A Steam account with the game
- No bans, 0 hours in-game
- Original email
- Can be changed: [Email | Phone number | Password]
- This is not a shared account; it is sold to one person only!",1001814582,bf484fcf-c83e-4eac-a4f9-6ee53e9b0d98,,https://www.g2g.com/offers/G1768311867271SW/edit
live,G1768311775672TG,[STEAM] Tankenstein | 0H Played,lgc_game_39754,f6a1aba5-473a-4044-836a-8968bbab16d7,USD,9,100,900,true,1768311775691,1778358936098,2026-01-13T13:42:55.691Z,2026-05-09T20:35:36.098Z,119,"By purchasing this product, you will receive:
- A Steam account with the game
- No bans, 0 hours in-game
- Original email
- Can be changed: [Email | Phone number | Password]
- This is not a shared account; it is sold to one person only!",1001814582,e1477070-1c51-4ddf-b4e9-9c63b8a48ec4,,https://www.g2g.com/offers/G1768311775672TG/edit
live,G1768311651910RM,[STEAM] Roguebook | 0H Played,lgc_game_38295,f6a1aba5-473a-4044-836a-8968bbab16d7,USD,5.7,100,570,true,1768311651932,1778358936098,2026-01-13T13:40:51.932Z,2026-05-09T20:35:36.098Z,119,"By purchasing this product, you will receive:
- A Steam account with the game
- No bans, 0 hours in-game
- Original email
- Can be changed: [Email | Phone number | Password]
- This is not a shared account; it is sold to one person only!",1001814582,379e3e8b-0afd-4737-b971-f5a42e7557e1,,https://www.g2g.com/offers/G1768311651910RM/edit
live,G1768298694614YP,"[STEAM] StarRupture | 0H Played | Weekend Deal, ends 10 February 2026",lgc_game_39757,f6a1aba5-473a-4044-836a-8968bbab16d7,USD,11.8,100,1180,true,1768298694636,1778358936098,2026-01-13T10:04:54.636Z,2026-05-09T20:35:36.098Z,119,"By purchasing this product, you will receive:
- A Steam account with the game
- No bans, 0 hours in-game
- Original email
- Can be changed: [Email | Phone number | Password]
- This is not a shared account; it is sold to one person only!",1001814582,9ab49699-3ee6-4cb2-9347-6e1229ea5d2e,,https://www.g2g.com/offers/G1768298694614YP/edit
live,G1768176478691GI,[STEAM] Ashes of Creation | 0H Played,lgc_game_24938,f6a1aba5-473a-4044-836a-8968bbab16d7,USD,16,1,16,true,1768176478707,1778358936098,2026-01-12T00:07:58.707Z,2026-05-09T20:35:36.098Z,121,"By purchasing this product, you will receive:
- A Steam account with the game
- No bans, 0 hours in-game
- Original email
- Can be changed: [Email | Phone number | Password]
- This is not a shared account; it is sold to one person only!",1001814582,6d0fb195-e5b1-48d1-8cfd-45e8b21cd84d,dfced32f-2f0a-4df5-a218-1e068cfadffa,https://www.g2g.com/offers/G1768176478691GI/edit
live,G1768176379935YZ,[STEAM] ICARUS | 0H Played,lgc_game_30033,f6a1aba5-473a-4044-836a-8968bbab16d7,USD,11.99,10,119.9,true,1768176379953,1778358936098,2026-01-12T00:06:19.953Z,2026-05-09T20:35:36.098Z,121,"By purchasing this product, you will receive:
- A Steam account with the game
- No bans, 0 hours in-game
- Original email
- Can be changed: [Email | Phone number | Password]
- This is not a shared account; it is sold to one person only!",1001814582,a7ab23ab-a507-4704-905d-764af0d8c7be,,https://www.g2g.com/offers/G1768176379935YZ/edit
live,G1768176259622RR,[STEAM] PEAK | 0H Played,lgc_game_37832,f6a1aba5-473a-4044-836a-8968bbab16d7,USD,3.27,10,32.7,true,1768176259657,1778358936098,2026-01-12T00:04:19.657Z,2026-05-09T20:35:36.098Z,121,"By purchasing this product, you will receive:
- A Steam account with the game
- No bans, 0 hours in-game
- Original email
- Can be changed: [Email | Phone number | Password]
- This is not a shared account; it is sold to one person only!",1001814582,ffbdd753-1988-48de-a09d-5f27df3179a3,,https://www.g2g.com/offers/G1768176259622RR/edit
live,G1768089677050YD,[STEAM] Pre-order:CODE VEIN II | 0H Played,lgc_game_39027,f6a1aba5-473a-4044-836a-8968bbab16d7,USD,46,10,460,true,1768089677065,1778358936098,2026-01-11T00:01:17.065Z,2026-05-09T20:35:36.098Z,122,"By purchasing this product, you will receive:
- A Steam account with the game
- No bans, 0 hours in-game
- Original email
- Can be changed: [Email | Phone number | Password]
- This is not a shared account; it is sold to one person only!",1001814582,020770f3-e5f5-4ee1-adbc-a95d983418ae,,https://www.g2g.com/offers/G1768089677050YD/edit
live,G1768031222350XS,[F80] PoE 2 Whale Acc - Druid/Ranger + Full MTX & Tabs,lgc_game_27013,f6a1aba5-473a-4044-836a-8968bbab16d7,USD,200,1,200,true,1768031222373,1778358936098,2026-01-10T07:47:02.373Z,2026-05-09T20:35:36.098Z,122,"Poe2 Account for Sale: Clean & Guaranteed Forever. Get the absolute best price through this direct user-to-user transaction.
Another accounts for sale:   .com/design/DAG0smoSLKc/GeGy5s2fIaZ4W9nr7kFvjw/edit",1001814582,429de98f-62de-400b-966f-369b10bc0c36,,https://www.g2g.com/offers/G1768031222350XS/edit
live,G1767344194111CB,[STEAM] Baldur's Gate 3 | 0H Played,lgc_game_32410,f6a1aba5-473a-4044-836a-8968bbab16d7,USD,15.91,10,159.1,true,1767344194129,1778358936098,2026-01-02T08:56:34.129Z,2026-05-09T20:35:36.098Z,130,"By purchasing this product, you will receive:
- A Steam account with the game
- No bans, 0 hours in-game
- Original email
- Can be changed: [Email | Phone number | Password]
- This is not a shared account; it is sold to one person only!",1001814582,05e3fdfe-5408-4ecb-9b67-71606f7dd08b,,https://www.g2g.com/offers/G1767344194111CB/edit
live,G1767269026480XX,[STEAM] It Takes Two | 0H Played,lgc_game_28927,f6a1aba5-473a-4044-836a-8968bbab16d7,USD,23.12,23,531.76,true,1767269026495,1778358936098,2026-01-01T12:03:46.495Z,2026-05-09T20:35:36.098Z,131,"By purchasing this product, you will receive:
- A Steam account with the game
- No bans, 0 hours in-game
- Original email
- Can be changed: [Email | Phone number | Password]
- This is not a shared account; it is sold to one person only!",1001814582,ba4502a0-233c-4a7a-b4b1-46bdbcda2162,,https://www.g2g.com/offers/G1767269026480XX/edit
live,G1767267695945KW,F38 poe1&2 challenge39/40 merc,lgc_game_27013,f6a1aba5-473a-4044-836a-8968bbab16d7,USD,50,1,50,true,1767267695959,1778358936098,2026-01-01T11:41:35.959Z,2026-05-09T20:35:36.098Z,131,Poe2 Account for Sale: Clean & Guaranteed Forever. Get the absolute best price through this direct user-to-user transaction.,1001814582,429de98f-62de-400b-966f-369b10bc0c36,,https://www.g2g.com/offers/G1767267695945KW/edit
live,G1767183190371OC,[STEAM] Schedule I | 0H Played,lgc_game_36887,f6a1aba5-473a-4044-836a-8968bbab16d7,USD,8.19,100,819,true,1767183190393,1778358936098,2025-12-31T12:13:10.393Z,2026-05-09T20:35:36.098Z,132,"By purchasing this product, you will receive:
- A Steam account with the game
- No bans, 0 hours in-game
- Original email
- Can be changed: [Email | Phone number | Password]
- This is not a shared account; it is sold to one person only!",1001814582,d7fc0fb6-7def-49ad-af38-c71fff2215ce,,https://www.g2g.com/offers/G1767183190371OC/edit
live,G1767015223550IO,"Level 60+, 24 passives, 4th trial guarantee, hotmail",lgc_game_27013,f6a1aba5-473a-4044-836a-8968bbab16d7,USD,37,10,370,true,1767015223572,1778358936098,2025-12-29T13:33:43.572Z,2026-05-09T20:35:36.098Z,134,"► No build and items
► 4th trials (8 Ascendancy points)
► All acts completed, all quests for passive points closed
► Leveled up manually
► Other characters still available",1001814582,429de98f-62de-400b-966f-369b10bc0c36,,https://www.g2g.com/offers/G1767015223550IO/edit
live,G1767015219792TW,"Level 60+, 24 passives, 4th trial guarantee, hotmail",lgc_game_27013,f6a1aba5-473a-4044-836a-8968bbab16d7,USD,37,10,370,true,1767015219808,1778358936098,2025-12-29T13:33:39.808Z,2026-05-09T20:35:36.098Z,134,"► No build and items
► 4th trials (8 Ascendancy points)
► All acts completed, all quests for passive points closed
► Leveled up manually
► Other characters still available",1001814582,429de98f-62de-400b-966f-369b10bc0c36,,https://www.g2g.com/offers/G1767015219792TW/edit
live,G1767015214007ZN,"Level 60+, 24 passives, 4th trial guarantee, hotmail",lgc_game_27013,f6a1aba5-473a-4044-836a-8968bbab16d7,USD,37,10,370,true,1767015214041,1778358936098,2025-12-29T13:33:34.041Z,2026-05-09T20:35:36.098Z,134,"► No build and items
► 4th trials (8 Ascendancy points)
► All acts completed, all quests for passive points closed
► Leveled up manually
► Other characters still available",1001814582,429de98f-62de-400b-966f-369b10bc0c36,,https://www.g2g.com/offers/G1767015214007ZN/edit
live,G1766104501678BO,"[STEAM] NBA 2K26 | 0H Played | Special Promotion, ends 2 February 2026",lgc_game_38050,f6a1aba5-473a-4044-836a-8968bbab16d7,USD,21.27,10,212.7,true,1766104501698,1778358936098,2025-12-19T00:35:01.698Z,2026-05-09T20:35:36.098Z,145,"By purchasing this product, you will receive:
- A Steam account with the game
- No bans, 0 hours in-game
- Original email
- Can be changed: [Email | Phone number | Password]
- This is not a shared account; it is sold to one person only!",1001814582,667bb719-81f9-4bed-95c1-66f0a0c9aeb1,,https://www.g2g.com/offers/G1766104501678BO/edit
live,G1765525302691NE,[STEAM] Ashes of Creation,lgc_game_24938,f6a1aba5-473a-4044-836a-8968bbab16d7,USD,17.1,10,171,true,1765525302714,1778358936098,2025-12-12T07:41:42.714Z,2026-05-09T20:35:36.098Z,151,"By purchasing this product, you will receive:
- A Steam account with the game
- No bans, 0 hours in-game
- Original email
- Can be changed: [Email | Phone number | Password]
- This is not a shared account; it is sold to one person only!",1001814582,6d0fb195-e5b1-48d1-8cfd-45e8b21cd84d,dfced32f-2f0a-4df5-a218-1e068cfadffa,https://www.g2g.com/offers/G1765525302691NE/edit
live,G1765525208770HG,[Steam] Ashes of Creation,lgc_game_24938,f6a1aba5-473a-4044-836a-8968bbab16d7,USD,17.1,10,171,true,1765525208797,1778358936098,2025-12-12T07:40:08.797Z,2026-05-09T20:35:36.098Z,151,"By purchasing this product, you will receive:
- A Steam account with the game
- No bans, 0 hours in-game
- Original email
- Can be changed: [Email | Phone number | Password]
- This is not a shared account; it is sold to one person only!",1001814582,c76d3697-5523-485e-869a-6f91d8253553,ac3f85c1-7562-437e-b125-e89576b9a38e,https://www.g2g.com/offers/G1765525208770HG/edit
live,G1765525189319CB,[Steam] Ashes of Creation,lgc_game_24938,f6a1aba5-473a-4044-836a-8968bbab16d7,USD,17.1,10,171,true,1765525189339,1778358936098,2025-12-12T07:39:49.339Z,2026-05-09T20:35:36.098Z,151,"By purchasing this product, you will receive:
- A Steam account with the game
- No bans, 0 hours in-game
- Original email
- Can be changed: [Email | Phone number | Password]
- This is not a shared account; it is sold to one person only!",1001814582,c76d3697-5523-485e-869a-6f91d8253553,ac3f85c1-7562-437e-b125-e89576b9a38e,https://www.g2g.com/offers/G1765525189319CB/edit
live,G1765329115873XC,[STEAM] UNBEATABLE - Breakout Edition | 0H Played,lgc_game_38865,f6a1aba5-473a-4044-836a-8968bbab16d7,USD,23,100,2300,true,1765329115896,1778358936098,2025-12-10T01:11:55.896Z,2026-05-09T20:35:36.098Z,154,"By purchasing this product, you will receive:
- A Steam account with the game
- No bans, 0 hours in-game
- Original email
- Can be changed: [Email | Phone number | Password]
- This is not a shared account; it is sold to one person only!",1001814582,f854efb9-22c3-43f0-a83b-6e06b4865de9,,https://www.g2g.com/offers/G1765329115873XC/edit
live,G1765328957423HS,[STEAM] UNBEATABLE | 0H Played,lgc_game_38865,f6a1aba5-473a-4044-836a-8968bbab16d7,USD,19,100,1900,true,1765328957445,1778358936098,2025-12-10T01:09:17.445Z,2026-05-09T20:35:36.098Z,154,"By purchasing this product, you will receive:
- A Steam account with the game
- No bans, 0 hours in-game
- Original email
- Can be changed: [Email | Phone number | Password]
- This is not a shared account; it is sold to one person only!",1001814582,f854efb9-22c3-43f0-a83b-6e06b4865de9,,https://www.g2g.com/offers/G1765328957423HS/edit
live,G1765282378107GJ,[STEAM] Frostpunk 2 | 0H Played,lgc_game_32976,f6a1aba5-473a-4044-836a-8968bbab16d7,USD,11.88,10,118.80000000000001,true,1765282378126,1778358936098,2025-12-09T12:12:58.126Z,2026-05-09T20:35:36.098Z,154,"By purchasing this product, you will receive:
- A Steam account with the game
- No bans, 0 hours in-game
- Original email
- Can be changed: [Email | Phone number | Password]
- This is not a shared account; it is sold to one person only!",1001814582,4a3d3d89-4932-450e-ae9c-009e7c8a71b0,,https://www.g2g.com/offers/G1765282378107GJ/edit
live,G1764989485379NL,[STEAM] Total War: WARHAMMER III | 0H Played | Lifetime Guarantee,lgc_game_30543,f6a1aba5-473a-4044-836a-8968bbab16d7,USD,10,10,100,true,1764989485399,1778358936098,2025-12-06T02:51:25.399Z,2026-05-09T20:35:36.098Z,158,"By purchasing this product, you will receive:
- A Steam account with the game
- No bans, 0 hours in-game
- Original email
- Can be changed: [Email | Phone number | Password]
- This is not a shared account; it is sold to one person only!",1001814582,4fa5acb7-0765-418d-a817-2837920f037f,,https://www.g2g.com/offers/G1764989485379NL/edit
live,G1764852967196KQ,[Steam] ELDEN RING NIGHTREIGN,lgc_game_36114,f6a1aba5-473a-4044-836a-8968bbab16d7,USD,26,10,260,true,1764852967219,1778358936098,2025-12-04T12:56:07.219Z,2026-05-09T20:35:36.098Z,159,"By purchasing this product, you will receive:
- A Steam account with the game
- No bans, 0 hours in-game
- Original email
- Can be changed: [Email | Phone number | Password]
- This is not a shared account; it is sold to one person only!",1001814582,9c169a9b-a6db-4b6f-87bb-a9d07488ea43,,https://www.g2g.com/offers/G1764852967196KQ/edit
live,G1764637571521TW,[Steam] Diablo 4 | 0h played time | Black Friday Sale,lgc_game_26891,f6a1aba5-473a-4044-836a-8968bbab16d7,USD,40,20,800,true,1764637571528,1778358936098,2025-12-02T01:06:11.528Z,2026-05-09T20:35:36.098Z,162,"By purchasing this product, you will receive:
- A Steam account with the game
- No bans, 0 hours in-game
- Original email
- Can be changed: [Email | Phone number | Password]
- This is not a shared account; it is sold to one person only!",1001814582,7d14ad03-5914-4469-b0b4-1b77aa4a5b34,,https://www.g2g.com/offers/G1764637571521TW/edit
live,G1764487314647EI,[Steam] Metro: Last Light Redux,lgc_game_39261,f6a1aba5-473a-4044-836a-8968bbab16d7,USD,14.5,10,145,true,1764487314667,1778358936098,2025-11-30T07:21:54.667Z,2026-05-09T20:35:36.098Z,163,"By purchasing this product, you will receive:
- A Steam account with the game
- No bans, 0 hours in-game
- Original email
- Can be changed: [Email | Phone number | Password]
- This is not a shared account; it is sold to one person only!",1001814582,bed30f5f-f2d8-474a-bd58-7975bb878adc,,https://www.g2g.com/offers/G1764487314647EI/edit
live,G1764487178815AG,[Steam] Rising Storm 2: Vietnam,lgc_game_39285,f6a1aba5-473a-4044-836a-8968bbab16d7,USD,16.5,10,165,true,1764487178831,1778358936098,2025-11-30T07:19:38.831Z,2026-05-09T20:35:36.098Z,163,"By purchasing this product, you will receive:
- A Steam account with the game
- No bans, 0 hours in-game
- Original email
- Can be changed: [Email | Phone number | Password]
- This is not a shared account; it is sold to one person only!",1001814582,bbdf4b01-0173-4722-9e2b-22017d89a2b1,,https://www.g2g.com/offers/G1764487178815AG/edit
live,G1764378630301JA,[STEAM] Mount and Blade II : Bannerlord,lgc_game_27337,f6a1aba5-473a-4044-836a-8968bbab16d7,USD,10,10,100,true,1764378630316,1778358936098,2025-11-29T01:10:30.316Z,2026-05-09T20:35:36.098Z,165,"By purchasing this product, you will receive:
- A Steam account with the game
- No bans, 0 hours in-game
- Original email
- Can be changed: [Email | Phone number | Password]
- This is not a shared account; it is sold to one person only!",1001814582,2c33c165-b621-46bb-a149-1818c3036f0f,,https://www.g2g.com/offers/G1764378630301JA/edit
live,G1764378475360JB,[STEAM] Detroit: Become Human,lgc_game_34160,f6a1aba5-473a-4044-836a-8968bbab16d7,USD,18,10,180,true,1764378475375,1778358936099,2025-11-29T01:07:55.375Z,2026-05-09T20:35:36.099Z,165,"By purchasing this product, you will receive:
- A Steam account with the game
- No bans, 0 hours in-game
- Original email
- Can be changed: [Email | Phone number | Password]
- This is not a shared account; it is sold to one person only!",1001814582,56988aab-85d3-4111-9f3d-569abb839e59,,https://www.g2g.com/offers/G1764378475360JB/edit
live,G1764343644674WN,[NEW STEAM] Stellar Blade purchased via wallet code,lgc_game_31995,f6a1aba5-473a-4044-836a-8968bbab16d7,USD,38,10,380,true,1764343644693,1778358936099,2025-11-28T15:27:24.693Z,2026-05-09T20:35:36.099Z,165,"Product Includes:
- A Steam account with the game purchased via wallet code.
- Access to the original email address (including the initial welcome email).
- Full ability to change credentials: Email, Phone Number, and Password.
- Private Account: This is not shared; it is sold exclusively to one owner.",1001814582,c396091d-9195-4ae0-b505-fe47abec22e7,,https://www.g2g.com/offers/G1764343644674WN/edit
live,G1764286255368ZE,[NEW STEAM] Octopath Traveler 0,lgc_game_39306,f6a1aba5-473a-4044-836a-8968bbab16d7,USD,37,10,370,true,1764286255389,1778358936099,2025-11-27T23:30:55.389Z,2026-05-09T20:35:36.099Z,166,"Product Includes:
- A Steam account with the game purchased.
- Access to the original email address.
- Full ability to change credentials: Email, Phone Number, and Password.
- Private Account: This is not shared; it is sold exclusively to one owner.",1001814582,ae49936c-6d14-4e30-8e03-4457a1c16973,,https://www.g2g.com/offers/G1764286255368ZE/edit
live,G1764071697114LQ,[STEAM] Silent Hill f - Original Email - Lifetime guarantee,lgc_game_36744,f6a1aba5-473a-4044-836a-8968bbab16d7,USD,25,10,250,true,1764071697132,1778358936099,2025-11-25T11:54:57.132Z,2026-05-09T20:35:36.099Z,168,"Product Includes:
- A Steam account with the game purchased via wallet code.
- Access to the original email address (including the initial welcome email).
- Full ability to change credentials: Email, Phone Number, and Password.
- Private Account: This is not shared; it is sold exclusively to one owner.",1001814582,908fb011-320f-4a41-a3e7-206b53b6b075,,https://www.g2g.com/offers/G1764071697114LQ/edit
live,G1764035588716DV,[Steam] Solo Leveling: ARISE OVERDRIVE,lgc_game_39173,f6a1aba5-473a-4044-836a-8968bbab16d7,USD,26.4,10,264,true,1764035588751,1778358936099,2025-11-25T01:53:08.751Z,2026-05-09T20:35:36.099Z,169,"By purchasing this product, you will receive:
- A Steam account with the game
- No bans, 0 hours in-game
- Original email
- Can be changed: [Email | Phone number | Password]
- This is not a shared account; it is sold to one person only!",1001814582,b6e31c2d-5372-4a15-8185-c6f3d29dc941,,https://www.g2g.com/offers/G1764035588716DV/edit
live,G1763954301141PJ,[STEAM] Moonlighter 2: The Endless Vault,lgc_game_38894,f6a1aba5-473a-4044-836a-8968bbab16d7,USD,13,10,130,true,1763954301159,1778358936099,2025-11-24T03:18:21.159Z,2026-05-09T20:35:36.099Z,170,"By purchasing this product, you will receive:
- A Steam account with the game
- No bans, 0 hours in-game
- Original email
- Can be changed: [Email | Phone number | Password]
- This is not a shared account; it is sold to one person only!",1001814582,fe5ed5ad-ce71-4a24-be7e-48b51ba75b9e,,https://www.g2g.com/offers/G1763954301141PJ/edit
live,G1763899488048AD,[STEAM] Astroneer,lgc_game_34063,f6a1aba5-473a-4044-836a-8968bbab16d7,USD,5.2,10,52,true,1763899488067,1778358936099,2025-11-23T12:04:48.067Z,2026-05-09T20:35:36.099Z,170,"By purchasing this product, you will receive:
- A Steam account with the game
- No bans, 0 hours in-game
- Original email
- Can be changed: [Email | Phone number | Password]
- This is not a shared account; it is sold to one person only!",1001814582,7ed41871-79c4-4dad-b62b-b441b642ec7e,,https://www.g2g.com/offers/G1763899488048AD/edit
live,G1763898739059NC,[STEAM] News Tower,lgc_game_39248,f6a1aba5-473a-4044-836a-8968bbab16d7,USD,10.48,10,104.80000000000001,true,1763898739099,1778358936099,2025-11-23T11:52:19.099Z,2026-05-09T20:35:36.099Z,170,"By purchasing this product, you will receive:
- A Steam account with the game
- No bans, 0 hours in-game
- Original email
- Can be changed: [Email | Phone number | Password]
- This is not a shared account; it is sold to one person only!",1001814582,0b3fa2ee-e4ab-454f-8581-b196d03e59fb,,https://www.g2g.com/offers/G1763898739059NC/edit
live,G1763521981024AX,[Steam] New account | Buy with wallet | Battlefield 6,lgc_game_5998,f6a1aba5-473a-4044-836a-8968bbab16d7,USD,43,10,430,true,1763521981047,1778358936099,2025-11-19T03:13:01.047Z,2026-05-09T20:35:36.099Z,175,"By purchasing this product, you will receive:
- A Steam account with the game
- No bans, 0 hours in-game
- Original email
- Can be changed: [Email | Phone number | Password]
- This is not a shared account; it is sold to one person only!

Steam account is being recharged with a Steam Wallet code, and the process typically takes about 8 hours. We kindly ask for your patience during this time.
This is the most reliable method for recharging your Steam Wallet and purchasing games. Please note that you have the option to refund a game, subject to Steam’s official refund policy, in which case the funds will be returned to your Steam Wallet.",1001814582,286ecd89-d225-4ea4-ba7b-a365dca009d1,,https://www.g2g.com/offers/G1763521981024AX/edit
live,G1763040790205YX,[STEAM] Anno 117: Pax Romana,lgc_game_34569,f6a1aba5-473a-4044-836a-8968bbab16d7,USD,29.9,10,299,true,1763040790238,1778358936099,2025-11-13T13:33:10.238Z,2026-05-09T20:35:36.099Z,180,"By purchasing this product, you will receive:
- A Steam account with the game
- No bans, 0 hours in-game
- Original email
- Can be changed: [Email | Phone number | Password]
- This is not a shared account; it is sold to one person only!",1001814582,c49e378c-4133-4249-829a-2d0a3ffeb587,,https://www.g2g.com/offers/G1763040790205YX/edit
live,G1762868733209OI,[Steam] Enshrouded,lgc_game_32997,f6a1aba5-473a-4044-836a-8968bbab16d7,USD,10.1,10,101,true,1762868733243,1778358936099,2025-11-11T13:45:33.243Z,2026-05-09T20:35:36.099Z,182,"By purchasing this product, you will receive:
- A Steam account with the game
- No bans, 0 hours in-game
- Original email
- Can be changed: [Email | Phone number | Password]
- This is not a shared account; it is sold to one person only!",1001814582,c6a4c0fe-9287-49f2-830b-d5fc00538d40,,https://www.g2g.com/offers/G1762868733209OI/edit
live,G1762658195141NL,Legion TD 2,lgc_game_29244,f6a1aba5-473a-4044-836a-8968bbab16d7,USD,3.5,10,35,true,1762658195164,1778358936099,2025-11-09T03:16:35.164Z,2026-05-09T20:35:36.099Z,185,"By purchasing this product, you will receive:
- A Steam account with the game
- No bans, 0 hours in-game
- Original email
- Can be changed: [Email | Phone number | Password]
- This is not a shared account; it is sold to one person only!",1001814582,8791cc77-c410-47a5-8a57-273fa970cd18,,https://www.g2g.com/offers/G1762658195141NL/edit
live,G1762658081811EI,[Steam] Kingdom Come: Deliverance II,lgc_game_34195,f6a1aba5-473a-4044-836a-8968bbab16d7,USD,37,100,3700,true,1762658081834,1778358936099,2025-11-09T03:14:41.834Z,2026-05-09T20:35:36.099Z,185,"By purchasing this product, you will receive:
- A Steam account with the game
- No bans, 0 hours in-game
- Original email
- Can be changed: [Email | Phone number | Password]
- This is not a shared account; it is sold to one person only!",1001814582,e5dd1587-d514-4b9a-85a4-5eb44c321899,,https://www.g2g.com/offers/G1762658081811EI/edit
live,G1762657693914VZ,[Steam] Europa Universalis V,lgc_game_38657,f6a1aba5-473a-4044-836a-8968bbab16d7,USD,33.2,10,332,true,1762657693933,1778358936099,2025-11-09T03:08:13.933Z,2026-05-09T20:35:36.099Z,185,"By purchasing this product, you will receive:
- A Steam account with the game
- No bans, 0 hours in-game
- Original email
- Can be changed: [Email | Phone number | Password]
- This is not a shared account; it is sold to one person only!",1001814582,adb396f7-54d7-4137-b2db-dc2eaa7178f0,,https://www.g2g.com/offers/G1762657693914VZ/edit
live,G1762657283913UQ,[STEAM] Tavern Keeper | 0H Played,lgc_game_39133,f6a1aba5-473a-4044-836a-8968bbab16d7,USD,10.5,10,105,true,1762657283931,1778358936099,2025-11-09T03:01:23.931Z,2026-05-09T20:35:36.099Z,185,"By purchasing this product, you will receive:
- A Steam account with the game
- No bans, 0 hours in-game
- Original email
- Can be changed: [Email | Phone number | Password]
- This is not a shared account; it is sold to one person only!",1001814582,aaf136c5-4d30-4f8e-9c34-1aabd3f1cde5,,https://www.g2g.com/offers/G1762657283913UQ/edit
live,G1762657110352FF,[Steam] The Last Caretaker   | 0H Played,lgc_game_39142,f6a1aba5-473a-4044-836a-8968bbab16d7,USD,12.5,10,125,true,1762657110372,1778358936099,2025-11-09T02:58:30.372Z,2026-05-09T20:35:36.099Z,185,"By purchasing this product, you will receive:
- A Steam account with the game
- No bans, 0 hours in-game
- Original email
- Can be changed: [Email | Phone number | Password]
- This is not a shared account; it is sold to one person only!",1001814582,5094c076-7637-4137-aaa0-ab18a45770b1,,https://www.g2g.com/offers/G1762657110352FF/edit
live,G1762425121118PI,[STEAM] Mortal Sin,lgc_game_39083,f6a1aba5-473a-4044-836a-8968bbab16d7,USD,9.5,1,9.5,true,1762425121141,1778358936099,2025-11-06T10:32:01.141Z,2026-05-09T20:35:36.099Z,187,"By purchasing this product, you will receive:
- A Steam account with the game
- No bans, 0 hours in-game
- Original email
- Can be changed: [Email | Phone number | Password]
- This is not a shared account; it is sold to one person only!",1001814582,1c8e6c82-174e-4f01-9175-974bb67fb1aa,,https://www.g2g.com/offers/G1762425121118PI/edit
live,G1762425047961BE,[STEAM] Town to City,lgc_game_39080,f6a1aba5-473a-4044-836a-8968bbab16d7,USD,9.5,1,9.5,true,1762425047976,1778358936099,2025-11-06T10:30:47.976Z,2026-05-09T20:35:36.099Z,187,"By purchasing this product, you will receive:
- A Steam account with the game
- No bans, 0 hours in-game
- Original email
- Can be changed: [Email | Phone number | Password]
- This is not a shared account; it is sold to one person only!",1001814582,97f69a3d-5c67-4748-b638-f6fed7d01453,,https://www.g2g.com/offers/G1762425047961BE/edit
live,G1762424536181TC,[STEAM] Master of Command | 0H Played,lgc_game_39077,f6a1aba5-473a-4044-836a-8968bbab16d7,USD,11,11,121,true,1762424536200,1778358936099,2025-11-06T10:22:16.200Z,2026-05-09T20:35:36.099Z,187,"By purchasing this product, you will receive:
- A Steam account with the game
- No bans, 0 hours in-game
- Original email
- Can be changed: [Email | Phone number | Password]
- This is not a shared account; it is sold to one person only!",1001814582,da37be6b-4fb0-450f-91f5-2d5f760bb260,,https://www.g2g.com/offers/G1762424536181TC/edit
live,G1762424395515UN,[STEAM] Escape Simulator 2 | 0h Played,lgc_game_39074,f6a1aba5-473a-4044-836a-8968bbab16d7,USD,8,20,160,true,1762424395535,1778358936099,2025-11-06T10:19:55.535Z,2026-05-09T20:35:36.099Z,187,"By purchasing this product, you will receive:
- A Steam account with the game
- No bans, 0 hours in-game
- Original email
- Can be changed: [Email | Phone number | Password]
- This is not a shared account; it is sold to one person only!",1001814582,8a33c3a5-cb75-4ca0-83c1-a8c40d560892,,https://www.g2g.com/offers/G1762424395515UN/edit
live,G1762214679427QY,[STEAM] MIMESIS | 0H Played,lgc_game_39101,f6a1aba5-473a-4044-836a-8968bbab16d7,USD,5.7,97,552.9,true,1762214679447,1778358936099,2025-11-04T00:04:39.447Z,2026-05-09T20:35:36.099Z,190,"By purchasing this product, you will receive:
- A Steam account with the game
- No bans, 0 hours in-game
- Original email
- Can be changed: [Email | Phone number | Password]
- This is not a shared account; it is sold to one person only!",1001814582,6a9d1c7e-13d6-486f-a413-c4b5f8478842,,https://www.g2g.com/offers/G1762214679427QY/edit
live,G1761967975730IO,R.E.P.O. | 0H Played,lgc_game_36522,f6a1aba5-473a-4044-836a-8968bbab16d7,USD,4,10,40,true,1761967975753,1778358936099,2025-11-01T03:32:55.753Z,2026-05-09T20:35:36.099Z,192,"By purchasing this product, you will receive:
- A Steam account with the game 
- No bans, 0 hours in-game
- Original email: Outlook - Microsoft email or Steamwebmail
- Can be changed: [Email | Phone number | Password]
- This is not a shared account; it is sold to one person only!",1001814582,4171a8b7-4a89-47bd-9d5d-ac78d1b2d755,,https://www.g2g.com/offers/G1761967975730IO/edit
live,G1761876270775NA,"7 character level 9x, many stash & skin",lgc_game_27013,f6a1aba5-473a-4044-836a-8968bbab16d7,USD,59,1,59,true,1761876270797,1778358936099,2025-10-31T02:04:30.797Z,2026-05-09T20:35:36.099Z,194,"Poe2 Account for Sale: Clean & Guaranteed Forever. Get the absolute best price through this direct user-to-user transaction.
Another accounts for sale:  flic. kr/ps/3dJiq6",1001814582,429de98f-62de-400b-966f-369b10bc0c36,,https://www.g2g.com/offers/G1761876270775NA/edit
live,G1761798861983GV,"[STEAM] Escape From Duckov | Midweek Deal, ends 23 February 2026",lgc_game_38832,f6a1aba5-473a-4044-836a-8968bbab16d7,USD,7.3,10,73,true,1761798862008,1778358936099,2025-10-30T04:34:22.008Z,2026-05-09T20:35:36.099Z,194,"By purchasing this product, you will receive:
- A Steam account with the game 【Escape From Duckov】
- No bans, 0 hours in-game
- Original email: Outlook - Microsoft email or Steamwebmail
- Can be changed: [Email | Phone number | Password]
- This is not a shared account; it is sold to one person only!",1001814582,0765445a-9631-45e5-a7ae-48e8c54e350d,,https://www.g2g.com/offers/G1761798861983GV/edit
live,G1760235099491XV,"Deadeye level 89,Wardlord Karui",lgc_game_27013,f6a1aba5-473a-4044-836a-8968bbab16d7,USD,110,1,110,true,1760235099514,1778358936099,2025-10-12T02:11:39.514Z,2026-05-09T20:35:36.099Z,213,"Poe2 Account for Sale: Clean & Guaranteed Forever. Get the absolute best price through this direct user-to-user transaction.
Another accounts for sale:  flic. kr/ps/3dJiq6",1001814582,429de98f-62de-400b-966f-369b10bc0c36,,https://www.g2g.com/offers/G1760235099491XV/edit
live,G1760234335182NN,"any char, level 9x,24 passives, 4th trial guarantee",lgc_game_27013,f6a1aba5-473a-4044-836a-8968bbab16d7,USD,24,5,120,true,1760234335198,1778358936099,2025-10-12T01:58:55.198Z,2026-05-09T20:35:36.099Z,213,"► 4th trials (8 Ascendancy points)

► All acts completed, all quests for passive points closed",1001814582,429de98f-62de-400b-966f-369b10bc0c36,,https://www.g2g.com/offers/G1760234335182NN/edit
live,G1743058091953IM,Liberator of Wraeclast Supporter -3700 points | bonus first blood pack 20$,lgc_game_27013,f6a1aba5-473a-4044-836a-8968bbab16d7,USD,270,2,540,true,1743058091975,1778358936099,2025-03-27T06:48:11.975Z,2026-05-09T20:35:36.099Z,411,"It is new account
I will provide you with the primary email address associated with this account. 
This account is also linked to an Xbox account using the same email address.",1001814582,429de98f-62de-400b-966f-369b10bc0c36,,https://www.g2g.com/offers/G1743058091953IM/edit
live,G1742169588032KG,"[STEAM]  Monster Hunter Wilds Standard Edition, gmail",lgc_game_34060,f6a1aba5-473a-4044-836a-8968bbab16d7,USD,45,1,45,true,1742169588046,1778358936099,2025-03-16T23:59:48.046Z,2026-05-09T20:35:36.099Z,422,"full original gmail info
accounts are random regions by default, so avoid using local currency initially.
You can change the region in 1-2 months and use local currency, or top-up with a gift card. 
Please leave positive feedback. Thanks!",1001814582,406f6f22-b778-4e04-9a87-04971950190a,,https://www.g2g.com/offers/G1742169588032KG/edit
live,G1738543817333YB,[Steam] King of the Faridun Supporter Pack - 1000 point & skin,lgc_game_27013,f6a1aba5-473a-4044-836a-8968bbab16d7,USD,44,999,43956,true,1738543817333,1778358936099,2025-02-03T00:50:17.333Z,2026-05-09T20:35:36.099Z,464,"By purchasing this product, you will receive:
- A Steam account with the game
- No bans, 0 hours in-game
- Original email
- Can be changed: [Email | Phone number | Password]
- This is not a shared account; it is sold to one person only!",1001814582,429de98f-62de-400b-966f-369b10bc0c36,,https://www.g2g.com/offers/G1738543817333YB/edit
live,G1738543571904MQ,[Steam] Lord of Ogham Supporter Pack - 600 point & skin,lgc_game_27013,f6a1aba5-473a-4044-836a-8968bbab16d7,USD,28.62,998,28562.760000000002,true,1738543571904,1778358936099,2025-02-03T00:46:11.904Z,2026-05-09T20:35:36.099Z,464,"By purchasing this product, you will receive:
- A Steam account with the game
- No bans, 0 hours in-game
- Original email
- Can be changed: [Email | Phone number | Password]
- This is not a shared account; it is sold to one person only!",1001814582,429de98f-62de-400b-966f-369b10bc0c36,,https://www.g2g.com/offers/G1738543571904MQ/edit
delisted,G1770513051560MD,Wraeclast Support Pack | 2870 point remaining,lgc_game_27013,f6a1aba5-473a-4044-836a-8968bbab16d7,USD,230,1,230,true,1770513051580,1778538341494,2026-02-08T01:10:51.580Z,2026-05-11T22:25:41.494Z,94,"This is a clean, secure account with no third-party links (Xbox/Steam). Secure the best possible market price by purchasing directly through this user-to-user transaction.
Another accounts for sale:",1001814582,429de98f-62de-400b-966f-369b10bc0c36,,https://www.g2g.com/offers/G1770513051560MD/edit
delisted,G1760235729360US,"3 char  level 9x, sacred paladin pack",lgc_game_27013,f6a1aba5-473a-4044-836a-8968bbab16d7,USD,75,0,0,false,1760235729375,1778358936099,2025-10-12T02:22:09.375Z,2026-05-09T20:35:36.099Z,213,"Poe2 Account for Sale: Clean & Guaranteed Forever. Get the absolute best price through this direct user-to-user transaction.
Another accounts for sale:  flic. kr/ps/3dJiq6",1001814582,429de98f-62de-400b-966f-369b10bc0c36,,https://www.g2g.com/offers/G1760235729360US/edit
delisted,G1763077768881MJ,[Steam] Escape from Tarkov - Prepare for Escape Edition,lgc_game_24640,f6a1aba5-473a-4044-836a-8968bbab16d7,USD,40,10,400,true,1763077768899,1778358936099,2025-11-13T23:49:28.899Z,2026-05-09T20:35:36.099Z,180,"Product Includes:
- A Steam account with the game purchased
- Access to the original email address (including the initial welcome email).
- Full ability to change credentials: Email, Phone Number, and Password.
- Private Account: This is not shared; it is sold exclusively to one owner.",1001814582,ba222b23-2c2e-4924-bc2a-827de6123982,,https://www.g2g.com/offers/G1763077768881MJ/edit
delisted,G1755523682967AQ,"Phrecia, Marauder Level 80, guarantee, original hotmail",lgc_game_19398,f6a1aba5-473a-4044-836a-8968bbab16d7,USD,15,2,30,true,1755523682987,1778358936099,2025-08-18T13:28:02.987Z,2026-05-09T20:35:36.099Z,267,"►The account includes the Autumn Armour set, and the buyer can migrate the character to the Standard league. 
► It was created on the official Path of Exile website and is not linked to any third-party platforms (Epic, Steam, Xbox, or PSN).
► I have many other characters at various levels 80+; ask me for more details.
► I offer a lifetime guarantee.",1001814582,d7ff3fbe-8598-4665-8bcd-45525b1f25c5,,https://www.g2g.com/offers/G1755523682967AQ/edit
delisted,G1763077696559OO,[Steam] Escape from Tarkov - Left Behind Edition,lgc_game_24640,f6a1aba5-473a-4044-836a-8968bbab16d7,USD,27,9,243,true,1763077696575,1778358936099,2025-11-13T23:48:16.575Z,2026-05-09T20:35:36.099Z,180,"By purchasing this product, you will receive:
- A Steam account with the game
- No bans, 0 hours in-game
- Original email
- Can be changed: [Email | Phone number | Password]
- This is not a shared account; it is sold to one person only!

Steam account is being recharged with a Steam Wallet code, and the process typically takes about 8 hours. We kindly ask for your patience during this time.
This is the most reliable method for recharging your Steam Wallet and purchasing games. Please note that you have the option to refund a game, subject to Steam’s official refund policy, in which case the funds will be returned to your Steam Wallet.",1001814582,ba222b23-2c2e-4924-bc2a-827de6123982,,https://www.g2g.com/offers/G1763077696559OO/edit
delisted,G1763077323614DJ,[Steam] Escape from Tarkov | Standard Edition,lgc_game_24640,f6a1aba5-473a-4044-836a-8968bbab16d7,USD,15.3,6,91.80000000000001,true,1763077323633,1778358936099,2025-11-13T23:42:03.633Z,2026-05-09T20:35:36.099Z,180,"By purchasing this product, you will receive:
- A Steam account with the game
- No bans, 0 hours in-game
- Original email
- Can be changed: [Email | Phone number | Password]
- This is not a shared account; it is sold to one person only!",1001814582,ba222b23-2c2e-4924-bc2a-827de6123982,,https://www.g2g.com/offers/G1763077323614DJ/edit
delisted,G1764548558078BJ,[GGG] Level 25+ Open Trade - Date created: 2025 06  with original hotmail,lgc_game_19398,f6a1aba5-473a-4044-836a-8968bbab16d7,USD,7,3,21,true,1764548558101,1778358936098,2025-12-01T00:22:38.101Z,2026-05-09T20:35:36.098Z,163,"100% Manual Leveling: The character is leveled by a human player with NO BOTS, scripts, or automation used at any time.
Dedicated IP/Hardware: The leveling is performed from a separate, dedicated PC and unique IP address.
Platform: Dedicated G2G Client (No dependency on Steam, Xbox, PSN, or other third-party services).
Zero Restrictions: Play the game however you want, without any of the prior history baggage of an older account.
Complete Ownership: Full account credentials will be transferred to you upon purchase, granting you immediate and total control.",1001814582,d7ff3fbe-8598-4665-8bcd-45525b1f25c5,,https://www.g2g.com/offers/G1764548558078BJ/edit
delisted,G1762257046997GY,"Witch, Level 64, 24 passives, 2 lab, guarantee, hotmail",lgc_game_19398,f6a1aba5-473a-4044-836a-8968bbab16d7,USD,11,0,0,false,1762257047016,1778358936099,2025-11-04T11:50:47.016Z,2026-05-09T20:35:36.099Z,189,"► No build and items
► All acts completed, all quests for passive points closed, 2 lab
► Leveled up manually
► Other characters still available
► Not linked to any third party (steam/xbox/epic)",1001814582,d7ff3fbe-8598-4665-8bcd-45525b1f25c5,,https://www.g2g.com/offers/G1762257046997GY/edit
delisted,G1762257000249AK,"Templar, Level 65, 24 passives, 2 lab, guarantee, hotmail",lgc_game_19398,f6a1aba5-473a-4044-836a-8968bbab16d7,USD,11,0,0,false,1762257000264,1778358936099,2025-11-04T11:50:00.264Z,2026-05-09T20:35:36.099Z,189,"► No build and items
► All acts completed, all quests for passive points closed, 2 lab
► Leveled up manually
► Other characters still available
► Not linked to any third party (steam/xbox/epic)",1001814582,d7ff3fbe-8598-4665-8bcd-45525b1f25c5,,https://www.g2g.com/offers/G1762257000249AK/edit
delisted,G1752117078864EY,"Mercenaries, Duelist Level 66, 2 Lab, 24 passives, guarantee, hotmail",lgc_game_19398,f6a1aba5-473a-4044-836a-8968bbab16d7,USD,10,2,20,true,1752117078902,1778358936099,2025-07-10T03:11:18.902Z,2026-05-09T20:35:36.099Z,307,"► No build and items
► 2 trials (4 Ascendancy points)

► All acts completed, all quests for passive points closed
► Leveled up manually",1001814582,d7ff3fbe-8598-4665-8bcd-45525b1f25c5,,https://www.g2g.com/offers/G1752117078864EY/edit
delisted,G1752116893286OT,"Mercenaries, Witch Level 65, 2 Lab, 24 passives, guarantee, hotmail",lgc_game_19398,f6a1aba5-473a-4044-836a-8968bbab16d7,USD,10,1,10,true,1752116893305,1778358936099,2025-07-10T03:08:13.305Z,2026-05-09T20:35:36.099Z,307,"► No build and items
► 2 trials (4 Ascendancy points)

► All acts completed, all quests for passive points closed
► Leveled up manually",1001814582,d7ff3fbe-8598-4665-8bcd-45525b1f25c5,,https://www.g2g.com/offers/G1752116893286OT/edit
delisted,G1771638947767US,[GGG] Date created: 2025 08 Global client new account with original hotmail,lgc_game_19398,f6a1aba5-473a-4044-836a-8968bbab16d7,USD,1,98,98,true,1771638947790,1778358936098,2026-02-21T01:55:47.790Z,2026-05-09T20:35:36.098Z,81,"Platform: Client
Condition: The user has never logged in and has no blocks. Do not ask for the IP address during the first login in-game.
There is no connection to third-party services like Steam, Xbox, or PSN.
There are no restrictions.
Delivery should be fast and reliable.",1001814582,d7ff3fbe-8598-4665-8bcd-45525b1f25c5,,https://www.g2g.com/offers/G1771638947767US/edit
delisted,G1778559546530QX,Kiln,lgc_game_40967,f6a1aba5-473a-4044-836a-8968bbab16d7,USD,111,1,111,true,1778559546549,1778559918318,2026-05-12T04:19:06.549Z,2026-05-12T04:25:18.318Z,0,,1001814582,57851424-8658-4d74-b5d6-62ea28af1975,,https://www.g2g.com/offers/G1778559546530QX/edit
delisted,G1778559516969SX,Kiln,lgc_game_40967,f6a1aba5-473a-4044-836a-8968bbab16d7,USD,111,1,111,true,1778559516989,1778559918318,2026-05-12T04:18:36.989Z,2026-05-12T04:25:18.318Z,0,,1001814582,57851424-8658-4d74-b5d6-62ea28af1975,,https://www.g2g.com/offers/G1778559516969SX/edit
delisted,G1778559408593YS,MINOS,lgc_game_40952,f6a1aba5-473a-4044-836a-8968bbab16d7,USD,10,1,10,true,1778559408630,1778559923199,2026-05-12T04:16:48.630Z,2026-05-12T04:25:23.199Z,0,,1001814582,d762f25f-d887-4de8-a450-24abd8bd2570,,https://www.g2g.com/offers/G1778559408593YS/edit
delisted,G1778559259722LS,MINOS,lgc_game_40952,f6a1aba5-473a-4044-836a-8968bbab16d7,USD,10,1,10,true,1778559259742,1778559923199,2026-05-12T04:14:19.742Z,2026-05-12T04:25:23.199Z,0,,1001814582,d762f25f-d887-4de8-a450-24abd8bd2570,,https://www.g2g.com/offers/G1778559259722LS/edit
delisted,G1773060281868SW,"[F84] Joined: April 2024, total 380$, shacked immortal, poe1 & poe2",lgc_game_19398,f6a1aba5-473a-4044-836a-8968bbab16d7,USD,170,1,170,true,1773060281895,1778358936098,2026-03-09T12:44:41.895Z,2026-05-09T20:35:36.098Z,64,"Poe2 Account for Sale: Clean & Guaranteed Forever. Get the absolute best price through this direct user-to-user transaction.
Another accounts for sale: canva(dot)com/design/DAG0smoSLKc/GeGy5s2fIaZ4W9nr7kFvjw/edit",1001814582,d7ff3fbe-8598-4665-8bcd-45525b1f25c5,,https://www.g2g.com/offers/G1773060281868SW/edit
delisted,G1773060091607RC,"[F85] Joined: Feb, 2023 Mirage Templar 72, 4 char poe2, > 10 char poe1,  many stash and mtx",lgc_game_19398,f6a1aba5-473a-4044-836a-8968bbab16d7,USD,53,1,53,true,1773060091625,1778358936098,2026-03-09T12:41:31.625Z,2026-05-09T20:35:36.098Z,64,"Poe2 Account for Sale: Clean & Guaranteed Forever. Get the absolute best price through this direct user-to-user transaction.
Another accounts for sale:  canva(dot)com/design/DAG0smoSLKc/GeGy5s2fIaZ4W9nr7kFvjw/edit",1001814582,d7ff3fbe-8598-4665-8bcd-45525b1f25c5,,https://www.g2g.com/offers/G1773060091607RC/edit
delisted,G1771261896183WE,[STEAM] Foxhole | 0H Played,lgc_game_35554,f6a1aba5-473a-4044-836a-8968bbab16d7,USD,7.37,3,22.11,true,1771261896206,1778358936098,2026-02-16T17:11:36.206Z,2026-05-09T20:35:36.098Z,85,"By purchasing this product, you will receive:
- A Steam account with the game
- No bans, 0 hours in-game
- Original email
- Can be changed: [Email | Phone number | Password]
- This is not a shared account; it is sold to one person only!",1001814582,d77e182d-246e-4bfa-aa5b-628d49bdf83d,,https://www.g2g.com/offers/G1771261896183WE/edit
delisted,G1771260474609IO,[STEAM] Foxhole | 0H Played | Midweek Deal ends 16 February 2026,lgc_game_35554,f6a1aba5-473a-4044-836a-8968bbab16d7,USD,6.25,100,625,true,1771260474626,1778358936098,2026-02-16T16:47:54.626Z,2026-05-09T20:35:36.098Z,85,"By purchasing this product, you will receive:
- A Steam account with the game
- No bans, 0 hours in-game
- Original email
- Can be changed: [Email | Phone number | Password]
- This is not a shared account; it is sold to one person only!",1001814582,d77e182d-246e-4bfa-aa5b-628d49bdf83d,,https://www.g2g.com/offers/G1771260474609IO/edit
delisted,G1770159240187JM,"[Phrecia 2.0] Duelist Joined: August 2025, level 6x, 2 lab, 24point",lgc_game_19398,f6a1aba5-473a-4044-836a-8968bbab16d7,USD,17,10,170,true,1770159240209,1778358936098,2026-02-03T22:54:00.209Z,2026-05-09T20:35:36.098Z,98,"Complete Passive Points: All 24 passive skill points obtained.
Manual Leveling: Account leveled entirely by hand with a kill count nearing 1,000.",1001814582,d7ff3fbe-8598-4665-8bcd-45525b1f25c5,,https://www.g2g.com/offers/G1770159240187JM/edit
delisted,G1770159175194QR,"[Phrecia 2.0] Scion Joined: August 2025, level 6x, 2 lab, 24point",lgc_game_19398,f6a1aba5-473a-4044-836a-8968bbab16d7,USD,17,10,170,true,1770159175216,1778358936098,2026-02-03T22:52:55.216Z,2026-05-09T20:35:36.098Z,98,"Complete Passive Points: All 24 passive skill points obtained.
Manual Leveling: Account leveled entirely by hand with a kill count nearing 1,000.",1001814582,d7ff3fbe-8598-4665-8bcd-45525b1f25c5,,https://www.g2g.com/offers/G1770159175194QR/edit
delisted,G1770159172957RN,"[Phrecia 2.0] Witch Joined: August 2025, level 6x, 2 lab, 24point",lgc_game_19398,f6a1aba5-473a-4044-836a-8968bbab16d7,USD,17,10,170,true,1770159172975,1778358936098,2026-02-03T22:52:52.975Z,2026-05-09T20:35:36.098Z,98,"Complete Passive Points: All 24 passive skill points obtained.
Manual Leveling: Account leveled entirely by hand with a kill count nearing 1,000.",1001814582,d7ff3fbe-8598-4665-8bcd-45525b1f25c5,,https://www.g2g.com/offers/G1770159172957RN/edit
delisted,G1770159170957DV,"[Phrecia 2.0] Shadow Joined: August 2025, level 6x, 2 lab, 24point",lgc_game_19398,f6a1aba5-473a-4044-836a-8968bbab16d7,USD,17,10,170,true,1770159170976,1778358936098,2026-02-03T22:52:50.976Z,2026-05-09T20:35:36.098Z,98,"Complete Passive Points: All 24 passive skill points obtained.
Manual Leveling: Account leveled entirely by hand with a kill count nearing 1,000.",1001814582,d7ff3fbe-8598-4665-8bcd-45525b1f25c5,,https://www.g2g.com/offers/G1770159170957DV/edit
delisted,G1770159166924ZO,"[Phrecia 2.0] Ranger Joined: August 2025, level 6x, 2 lab, 24point",lgc_game_19398,f6a1aba5-473a-4044-836a-8968bbab16d7,USD,17,10,170,true,1770159166943,1778358936098,2026-02-03T22:52:46.943Z,2026-05-09T20:35:36.098Z,98,"Complete Passive Points: All 24 passive skill points obtained.
Manual Leveling: Account leveled entirely by hand with a kill count nearing 1,000.",1001814582,d7ff3fbe-8598-4665-8bcd-45525b1f25c5,,https://www.g2g.com/offers/G1770159166924ZO/edit
delisted,G1770159163217BE,"[Phrecia 2.0] Templar Joined: August 2025, level 6x, 2 lab, 24point",lgc_game_19398,f6a1aba5-473a-4044-836a-8968bbab16d7,USD,17,10,170,true,1770159163235,1778358936098,2026-02-03T22:52:43.235Z,2026-05-09T20:35:36.098Z,98,"Complete Passive Points: All 24 passive skill points obtained.
Manual Leveling: Account leveled entirely by hand with a kill count nearing 1,000.",1001814582,d7ff3fbe-8598-4665-8bcd-45525b1f25c5,,https://www.g2g.com/offers/G1770159163217BE/edit
delisted,G1768120497586SJ,[F81] Orion&Crucial Pack total 3000$,lgc_game_27013,f6a1aba5-473a-4044-836a-8968bbab16d7,USD,1350,1,1350,true,1768120497601,1778358936098,2026-01-11T08:34:57.601Z,2026-05-09T20:35:36.098Z,121,"Poe2 Account for Sale: Clean & Guaranteed Forever. Get the absolute best price through this direct user-to-user transaction.
Another accounts for sale:   /design/DAG0smoSLKc/GeGy5s2fIaZ4W9nr7kFvjw/edit",1001814582,429de98f-62de-400b-966f-369b10bc0c36,,https://www.g2g.com/offers/G1768120497586SJ/edit
delisted,G1764220256359FI,"F66 Total~750$, affliction & mercenary full challenge, many characters",lgc_game_19398,f6a1aba5-473a-4044-836a-8968bbab16d7,USD,214,1,214,true,1764220256394,1778358936099,2025-11-27T05:10:56.394Z,2026-05-09T20:35:36.099Z,166,"Poe2 Account for Sale: Clean & Guaranteed Forever. Get the absolute best price through this direct user-to-user transaction.
Another accounts for sale:  canva. com/design/DAG0smoSLKc/GeGy5s2fIaZ4W9nr7kFvjw/edit",1001814582,d7ff3fbe-8598-4665-8bcd-45525b1f25c5,,https://www.g2g.com/offers/G1764220256359FI/edit
delisted,G1764033954671HD,F64 - Total 1846$ - Incinerator Supporter Pack  - Joined: Apr 2021 - 3281 point remaning,lgc_game_19398,f6a1aba5-473a-4044-836a-8968bbab16d7,USD,530,1,530,true,1764033954690,1778358936099,2025-11-25T01:25:54.690Z,2026-05-09T20:35:36.099Z,169,"Poe2 Account for Sale: Clean & Guaranteed Forever. Get the absolute best price through this direct user-to-user transaction.
Another accounts for sale:",1001814582,d7ff3fbe-8598-4665-8bcd-45525b1f25c5,,https://www.g2g.com/offers/G1764033954671HD/edit
delisted,G1763969753329YU,[Steam] Escape from Tarkov - Prepare for Escape Edition,lgc_game_24640,f6a1aba5-473a-4044-836a-8968bbab16d7,USD,40,10,400,true,1763969753347,1778358936099,2025-11-24T07:35:53.347Z,2026-05-09T20:35:36.099Z,169,"Product Includes:
- A Steam account with the game purchased.
- Access to the original email address (including the initial welcome email).
- Full ability to change credentials: Email, Phone Number, and Password.
- Private Account: This is not shared; it is sold exclusively to one owner.",1001814582,ba222b23-2c2e-4924-bc2a-827de6123982,,https://www.g2g.com/offers/G1763969753329YU/edit
delisted,G1763824133104UG,[Steam] Escape from Tarkov - Prepare for Escape Edition,lgc_game_24640,f6a1aba5-473a-4044-836a-8968bbab16d7,USD,41.4,10,414,true,1763824133119,1778358936099,2025-11-22T15:08:53.119Z,2026-05-09T20:35:36.099Z,171,"Product Includes:
- A Steam account with the game purchased via wallet code.
- Access to the original email address (including the initial welcome email).
- Full ability to change credentials: Email, Phone Number, and Password.
- Private Account: This is not shared; it is sold exclusively to one owner.",1001814582,ba222b23-2c2e-4924-bc2a-827de6123982,,https://www.g2g.com/offers/G1763824133104UG/edit
delisted,G1763350817995SE,"F61 Chieftain level 99, full alats, Joined: Apr 3, 2019, 551 point, stash & skin",lgc_game_19398,f6a1aba5-473a-4044-836a-8968bbab16d7,USD,75,1,75,true,1763350818010,1778358936099,2025-11-17T03:40:18.010Z,2026-05-09T20:35:36.099Z,176,"Poe2 Account for Sale: Clean & Guaranteed Forever. Get the absolute best price through this direct user-to-user transaction.
Another accounts for sale:",1001814582,d7ff3fbe-8598-4665-8bcd-45525b1f25c5,,https://www.g2g.com/offers/G1763350817995SE/edit
delisted,G1762764545750XM,"Deadeye, Joined: Aug 9, 2025, Level 66, 2 lab, 24 passives, guarantee, hotmail",lgc_game_19398,f6a1aba5-473a-4044-836a-8968bbab16d7,USD,11,1,11,true,1762764545765,1778358936099,2025-11-10T08:49:05.765Z,2026-05-09T20:35:36.099Z,183,"► No build and items
► All acts completed, all quests for passive points closed, 2 lab
► Leveled up manually
► Other characters still available
► Not linked to any third party (steam/xbox/epic)",1001814582,d7ff3fbe-8598-4665-8bcd-45525b1f25c5,,https://www.g2g.com/offers/G1762764545750XM/edit
delisted,G1762391148649OX,"Deadeye level 90 4 big pack , guarantee",lgc_game_19398,f6a1aba5-473a-4044-836a-8968bbab16d7,USD,118,1,118,true,1762391148665,1778358936099,2025-11-06T01:05:48.665Z,2026-05-09T20:35:36.099Z,188,Poe2 Account for Sale: Clean & Guaranteed Forever. Get the absolute best price through this direct user-to-user transaction.,1001814582,d7ff3fbe-8598-4665-8bcd-45525b1f25c5,,https://www.g2g.com/offers/G1762391148649OX/edit
delisted,G1762344387267EO,"Chieftain level 90 include RF build, have stash, guarantee",lgc_game_19398,f6a1aba5-473a-4044-836a-8968bbab16d7,USD,33,1,33,true,1762344387274,1778358936099,2025-11-05T12:06:27.274Z,2026-05-09T20:35:36.099Z,188,Poe2 Account for Sale: Clean & Guaranteed Forever. Get the absolute best price through this direct user-to-user transaction.,1001814582,d7ff3fbe-8598-4665-8bcd-45525b1f25c5,,https://www.g2g.com/offers/G1762344387267EO/edit
delisted,G1762257043546IZ,"Duelist, Level 65, 24 passives, 2 lab, guarantee, hotmail",lgc_game_19398,f6a1aba5-473a-4044-836a-8968bbab16d7,USD,11,1,11,true,1762257043565,1778358936099,2025-11-04T11:50:43.565Z,2026-05-09T20:35:36.099Z,189,"► No build and items
► All acts completed, all quests for passive points closed, 2 lab
► Leveled up manually
► Other characters still available
► Not linked to any third party (steam/xbox/epic)",1001814582,d7ff3fbe-8598-4665-8bcd-45525b1f25c5,,https://www.g2g.com/offers/G1762257043546IZ/edit
delisted,G1762257033202WO,"Shadow, Level 65, 24 passives, 2 lab, guarantee, hotmail",lgc_game_19398,f6a1aba5-473a-4044-836a-8968bbab16d7,USD,11,1,11,true,1762257033224,1778358936099,2025-11-04T11:50:33.224Z,2026-05-09T20:35:36.099Z,189,"► No build and items
► All acts completed, all quests for passive points closed, 2 lab
► Leveled up manually
► Other characters still available
► Not linked to any third party (steam/xbox/epic)",1001814582,d7ff3fbe-8598-4665-8bcd-45525b1f25c5,,https://www.g2g.com/offers/G1762257033202WO/edit
delisted,G1755264408626HM,"Mercenaries, Scion Level 66, 2 Lab, 24 passives, guarantee, hotmail",lgc_game_19398,f6a1aba5-473a-4044-836a-8968bbab16d7,USD,12,1,12,true,1755264408649,1778358936099,2025-08-15T13:26:48.649Z,2026-05-09T20:35:36.099Z,270,"► No build and items
► 2 trials (4 Ascendancy points)

► All acts completed, all quests for passive points closed
► Leveled up manually",1001814582,d7ff3fbe-8598-4665-8bcd-45525b1f25c5,,https://www.g2g.com/offers/G1755264408626HM/edit
delisted,G1752117012678UZ,"Mercenaries, Marauder Level 65, 2 Lab, 24 passives, guarantee, hotmail",lgc_game_19398,f6a1aba5-473a-4044-836a-8968bbab16d7,USD,10,1,10,true,1752117012697,1778358936099,2025-07-10T03:10:12.697Z,2026-05-09T20:35:36.099Z,307,"► No build and items
► 2 trials (4 Ascendancy points)

► All acts completed, all quests for passive points closed
► Leveled up manually",1001814582,d7ff3fbe-8598-4665-8bcd-45525b1f25c5,,https://www.g2g.com/offers/G1752117012678UZ/edit
delisted,G1752116833428BJ,"Mercenaries, shadow Level 65, 2 Lab, 24 passives, guarantee, hotmail",lgc_game_19398,f6a1aba5-473a-4044-836a-8968bbab16d7,USD,12,1,12,true,1752116833447,1778358936099,2025-07-10T03:07:13.447Z,2026-05-09T20:35:36.099Z,307,"► No build and items
► 2 trials (4 Ascendancy points)

► All acts completed, all quests for passive points closed
► Leveled up manually",1001814582,d7ff3fbe-8598-4665-8bcd-45525b1f25c5,,https://www.g2g.com/offers/G1752116833428BJ/edit
delisted,G1741858247204VL,"blind prophet  without build , original gmail",lgc_game_19398,f6a1aba5-473a-4044-836a-8968bbab16d7,USD,11,1,11,true,1741858247204,1778358936099,2025-03-13T09:30:47.204Z,2026-05-09T20:35:36.099Z,425,"The account has the Autumn Knight Helmet, Armor, Gloves, and Boots skins.
Full access to the original Gmail account.",1001814582,d7ff3fbe-8598-4665-8bcd-45525b1f25c5,,https://www.g2g.com/offers/G1741858247204VL/edit
requires_modification,G1762227281116IJ,PC > Liberator of Wraeclast Supporter Pack,lgc_game_19398,90015a0f-3983-4953-8368-96ac181d9e92,USD,168,1,168,true,1762227281135,1774689904622,2025-11-04T03:34:41.135Z,2026-03-28T09:25:04.622Z,189,Upgrade from Warlord of the Karui Supporter Pack,1001814582,4422b0a0-c061-4116-9cba-7860a7ab752c,0f76ac42-3267-4d77-9fba-f9d9d719dac9,https://www.g2g.com/offers/G1762227281116IJ/edit
requires_modification,G1762228067978IV,Xbox > Divine Paladin Supporter Pack,lgc_game_19398,90015a0f-3983-4953-8368-96ac181d9e92,USD,60,0,0,false,1762228068001,1774155151468,2025-11-04T03:47:48.001Z,2026-03-22T04:52:31.468Z,189,,1001814582,4422b0a0-c061-4116-9cba-7860a7ab752c,0f76ac42-3267-4d77-9fba-f9d9d719dac9,https://www.g2g.com/offers/G1762228067978IV/edit
requires_modification,G1762227947698JR,"PC > 1,000 Points Pack",lgc_game_19398,90015a0f-3983-4953-8368-96ac181d9e92,USD,49.5,9,445.5,true,1762227947719,1773200936494,2025-11-04T03:45:47.719Z,2026-03-11T03:48:56.494Z,189,,1001814582,4422b0a0-c061-4116-9cba-7860a7ab752c,0f76ac42-3267-4d77-9fba-f9d9d719dac9,https://www.g2g.com/offers/G1762227947698JR/edit
requires_modification,G1756261620626YR,PC > Trarthan Executioner Supporter Pack,lgc_game_19398,90015a0f-3983-4953-8368-96ac181d9e92,USD,19.8,9,178.20000000000002,true,1756261620636,1773200935698,2025-08-27T02:27:00.636Z,2026-03-11T03:48:55.698Z,259,"Fastest Method: If your Path of Exile account is not linked to Steam, We will provide you with a Steam account. You can then link it to your Path of Exile account, and the process will be complete.
We don't need your credentials with this method.

Safe & Legal – All purchases are made legitimately through official channels. We have completed thousands of top-ups with no bans.

Best Price Guarantee – Receive your packs at a lower price than the in-game store, while still getting the full value shown on the Path of Exile site.",1001814582,4422b0a0-c061-4116-9cba-7860a7ab752c,0f76ac42-3267-4d77-9fba-f9d9d719dac9,https://www.g2g.com/offers/G1756261620626YR/edit
requires_modification,G1762227957032RA,PC > 200 Points Pack,lgc_game_19398,90015a0f-3983-4953-8368-96ac181d9e92,USD,14,7,98,true,1762227957051,1776302160836,2025-11-04T03:45:57.051Z,2026-04-16T01:16:00.836Z,189,,1001814582,4422b0a0-c061-4116-9cba-7860a7ab752c,0f76ac42-3267-4d77-9fba-f9d9d719dac9,https://www.g2g.com/offers/G1762227957032RA/edit
requires_modification,G1762228049268GI,Xbox > 100 Points Pack,lgc_game_19398,90015a0f-3983-4953-8368-96ac181d9e92,USD,8,9,72,true,1762228049288,1773200936494,2025-11-04T03:47:29.288Z,2026-03-11T03:48:56.494Z,189,,1001814582,4422b0a0-c061-4116-9cba-7860a7ab752c,0f76ac42-3267-4d77-9fba-f9d9d719dac9,https://www.g2g.com/offers/G1762228049268GI/edit
requires_modification,G1762227964668KS,PC > 50 Points Pack,lgc_game_19398,90015a0f-3983-4953-8368-96ac181d9e92,USD,3.64,8,29.12,true,1762227964688,1773200936494,2025-11-04T03:46:04.688Z,2026-03-11T03:48:56.494Z,189,,1001814582,4422b0a0-c061-4116-9cba-7860a7ab752c,0f76ac42-3267-4d77-9fba-f9d9d719dac9,https://www.g2g.com/offers/G1762227964668KS/edit
requires_modification,G1762228012563GL,Xbox > 50 Points Pack,lgc_game_19398,90015a0f-3983-4953-8368-96ac181d9e92,USD,5,9,45,true,1762228012588,1773200936494,2025-11-04T03:46:52.588Z,2026-03-11T03:48:56.494Z,189,,1001814582,4422b0a0-c061-4116-9cba-7860a7ab752c,0f76ac42-3267-4d77-9fba-f9d9d719dac9,https://www.g2g.com/offers/G1762228012563GL/edit
requires_modification,G1764980886568YZ,PC > Eternal Champion of Theopolis Supporter Pack,lgc_game_19398,90015a0f-3983-4953-8368-96ac181d9e92,USD,84,100,8400,true,1764980886574,1773200936494,2025-12-06T00:28:06.574Z,2026-03-11T03:48:56.494Z,158,,1001814582,4422b0a0-c061-4116-9cba-7860a7ab752c,0f76ac42-3267-4d77-9fba-f9d9d719dac9,https://www.g2g.com/offers/G1764980886568YZ/edit
requires_modification,G1762228269319YV,Xbox > Warlord of the Karui Supporter Pack,lgc_game_19398,90015a0f-3983-4953-8368-96ac181d9e92,USD,59,1,59,true,1762228269344,1773200936494,2025-11-04T03:51:09.344Z,2026-03-11T03:48:56.494Z,189,,1001814582,4422b0a0-c061-4116-9cba-7860a7ab752c,0f76ac42-3267-4d77-9fba-f9d9d719dac9,https://www.g2g.com/offers/G1762228269319YV/edit
requires_modification,G1762228264813MX,Xbox > Thaumaturge of the Vaal Supporter Pack,lgc_game_19398,90015a0f-3983-4953-8368-96ac181d9e92,USD,125,10,1250,true,1762228264833,1773200936494,2025-11-04T03:51:04.833Z,2026-03-11T03:48:56.494Z,189,,1001814582,4422b0a0-c061-4116-9cba-7860a7ab752c,0f76ac42-3267-4d77-9fba-f9d9d719dac9,https://www.g2g.com/offers/G1762228264813MX/edit
requires_modification,G1762228249932LC,Xbox > Lord of Ogham Supporter Pack,lgc_game_19398,90015a0f-3983-4953-8368-96ac181d9e92,USD,24,10,240,true,1762228249938,1773200936494,2025-11-04T03:50:49.938Z,2026-03-11T03:48:56.494Z,189,,1001814582,4422b0a0-c061-4116-9cba-7860a7ab752c,0f76ac42-3267-4d77-9fba-f9d9d719dac9,https://www.g2g.com/offers/G1762228249932LC/edit
requires_modification,G1762228244861QX,Xbox > Liberator of Wraeclast Supporter Pack,lgc_game_19398,90015a0f-3983-4953-8368-96ac181d9e92,USD,250,10,2500,true,1762228244876,1773200936494,2025-11-04T03:50:44.876Z,2026-03-11T03:48:56.494Z,189,,1001814582,4422b0a0-c061-4116-9cba-7860a7ab752c,0f76ac42-3267-4d77-9fba-f9d9d719dac9,https://www.g2g.com/offers/G1762228244861QX/edit
requires_modification,G1762228240032RO,Xbox > King of the Faridun Supporter Pack,lgc_game_19398,90015a0f-3983-4953-8368-96ac181d9e92,USD,46,10,460,true,1762228240039,1773200936494,2025-11-04T03:50:40.039Z,2026-03-11T03:48:56.494Z,189,,1001814582,4422b0a0-c061-4116-9cba-7860a7ab752c,0f76ac42-3267-4d77-9fba-f9d9d719dac9,https://www.g2g.com/offers/G1762228240032RO/edit
requires_modification,G1762228043223HK,Xbox > 200 Points Pack,lgc_game_19398,90015a0f-3983-4953-8368-96ac181d9e92,USD,14,10,140,true,1762228043281,1773200936494,2025-11-04T03:47:23.281Z,2026-03-11T03:48:56.494Z,189,,1001814582,4422b0a0-c061-4116-9cba-7860a7ab752c,0f76ac42-3267-4d77-9fba-f9d9d719dac9,https://www.g2g.com/offers/G1762228043223HK/edit
requires_modification,G1762228038333XK,"Xbox > 1,000 Points Pack",lgc_game_19398,90015a0f-3983-4953-8368-96ac181d9e92,USD,49.8,10,498,true,1762228038356,1773200936494,2025-11-04T03:47:18.356Z,2026-03-11T03:48:56.494Z,189,,1001814582,4422b0a0-c061-4116-9cba-7860a7ab752c,0f76ac42-3267-4d77-9fba-f9d9d719dac9,https://www.g2g.com/offers/G1762228038333XK/edit
requires_modification,G1762228034582BJ,"Xbox > 2,000 Points Pack",lgc_game_19398,90015a0f-3983-4953-8368-96ac181d9e92,USD,99.5,10,995,true,1762228034620,1773200936494,2025-11-04T03:47:14.620Z,2026-03-11T03:48:56.494Z,189,,1001814582,4422b0a0-c061-4116-9cba-7860a7ab752c,0f76ac42-3267-4d77-9fba-f9d9d719dac9,https://www.g2g.com/offers/G1762228034582BJ/edit
requires_modification,G1762228030248SC,"Xbox > 8,400 Points Pack",lgc_game_19398,90015a0f-3983-4953-8368-96ac181d9e92,USD,500,10,5000,true,1762228030268,1773200936494,2025-11-04T03:47:10.268Z,2026-03-11T03:48:56.494Z,189,,1001814582,4422b0a0-c061-4116-9cba-7860a7ab752c,0f76ac42-3267-4d77-9fba-f9d9d719dac9,https://www.g2g.com/offers/G1762228030248SC/edit
requires_modification,G1762227942952CR,"PC > 2,000 Points Pack",lgc_game_19398,90015a0f-3983-4953-8368-96ac181d9e92,USD,99,10,990,true,1762227942971,1773200935698,2025-11-04T03:45:42.971Z,2026-03-11T03:48:55.698Z,189,,1001814582,4422b0a0-c061-4116-9cba-7860a7ab752c,0f76ac42-3267-4d77-9fba-f9d9d719dac9,https://www.g2g.com/offers/G1762227942952CR/edit
requires_modification,G1762227934845ZX,"PC > 8,400 Points Pack",lgc_game_19398,90015a0f-3983-4953-8368-96ac181d9e92,USD,600,10,6000,true,1762227934860,1773200935698,2025-11-04T03:45:34.860Z,2026-03-11T03:48:55.698Z,189,,1001814582,4422b0a0-c061-4116-9cba-7860a7ab752c,0f76ac42-3267-4d77-9fba-f9d9d719dac9,https://www.g2g.com/offers/G1762227934845ZX/edit
requires_modification,G1762227865536US,PC > Phrecian Imperial Magistrate Supporter Pack,lgc_game_19398,90015a0f-3983-4953-8368-96ac181d9e92,USD,32,1,32,true,1762227865555,1773200935698,2025-11-04T03:44:25.555Z,2026-03-11T03:48:55.698Z,189,ff,1001814582,4422b0a0-c061-4116-9cba-7860a7ab752c,0f76ac42-3267-4d77-9fba-f9d9d719dac9,https://www.g2g.com/offers/G1762227865536US/edit
requires_modification,G1762227860717OK,PC > Phrecian Grand Magistrate Supporter Pack,lgc_game_19398,90015a0f-3983-4953-8368-96ac181d9e92,USD,32,1,32,true,1762227860736,1773200935698,2025-11-04T03:44:20.736Z,2026-03-11T03:48:55.698Z,189,ff,1001814582,4422b0a0-c061-4116-9cba-7860a7ab752c,0f76ac42-3267-4d77-9fba-f9d9d719dac9,https://www.g2g.com/offers/G1762227860717OK/edit
requires_modification,G1762227855650TH,PC > Phrecian Magistrate Supporter Pack,lgc_game_19398,90015a0f-3983-4953-8368-96ac181d9e92,USD,32,1,32,true,1762227855656,1773200935698,2025-11-04T03:44:15.656Z,2026-03-11T03:48:55.698Z,189,ff,1001814582,4422b0a0-c061-4116-9cba-7860a7ab752c,0f76ac42-3267-4d77-9fba-f9d9d719dac9,https://www.g2g.com/offers/G1762227855650TH/edit
requires_modification,G1762227849042QG,PC > Sacred Cryptkeeper Supporter Pack,lgc_game_19398,90015a0f-3983-4953-8368-96ac181d9e92,USD,32,1,32,true,1762227849060,1773200935698,2025-11-04T03:44:09.060Z,2026-03-11T03:48:55.698Z,189,ff,1001814582,4422b0a0-c061-4116-9cba-7860a7ab752c,0f76ac42-3267-4d77-9fba-f9d9d719dac9,https://www.g2g.com/offers/G1762227849042QG/edit
requires_modification,G1762227844060JE,PC > Hallowed Cryptkeeper Supporter Pack,lgc_game_19398,90015a0f-3983-4953-8368-96ac181d9e92,USD,32,1,32,true,1762227844080,1773200935698,2025-11-04T03:44:04.080Z,2026-03-11T03:48:55.698Z,189,ff,1001814582,4422b0a0-c061-4116-9cba-7860a7ab752c,0f76ac42-3267-4d77-9fba-f9d9d719dac9,https://www.g2g.com/offers/G1762227844060JE/edit
requires_modification,G1762227837564VA,PC > Cryptkeeper Supporter Pack,lgc_game_19398,90015a0f-3983-4953-8368-96ac181d9e92,USD,32,1,32,true,1762227837591,1773200935698,2025-11-04T03:43:57.591Z,2026-03-11T03:48:55.698Z,189,ff,1001814582,4422b0a0-c061-4116-9cba-7860a7ab752c,0f76ac42-3267-4d77-9fba-f9d9d719dac9,https://www.g2g.com/offers/G1762227837564VA/edit
requires_modification,G1762227821488ZV,PC > Thaumaturge of the Vaal Supporter Pack,lgc_game_19398,90015a0f-3983-4953-8368-96ac181d9e92,USD,125,10,1250,true,1762227821508,1773200935698,2025-11-04T03:43:41.508Z,2026-03-11T03:48:55.698Z,189,,1001814582,4422b0a0-c061-4116-9cba-7860a7ab752c,0f76ac42-3267-4d77-9fba-f9d9d719dac9,https://www.g2g.com/offers/G1762227821488ZV/edit
requires_modification,G1762227042230RK,PC > First Blood Starter Pack,lgc_game_19398,90015a0f-3983-4953-8368-96ac181d9e92,USD,15,10,150,true,1762227042249,1773200935698,2025-11-04T03:30:42.249Z,2026-03-11T03:48:55.698Z,189,,1001814582,4422b0a0-c061-4116-9cba-7860a7ab752c,0f76ac42-3267-4d77-9fba-f9d9d719dac9,https://www.g2g.com/offers/G1762227042230RK/edit
requires_modification,G1762225838914IP,PC > Acolyte’s Penance Supporter Pack,lgc_game_19398,90015a0f-3983-4953-8368-96ac181d9e92,USD,39.8,10,398,true,1762225838934,1773200935698,2025-11-04T03:10:38.934Z,2026-03-11T03:48:55.698Z,190,,1001814582,4422b0a0-c061-4116-9cba-7860a7ab752c,0f76ac42-3267-4d77-9fba-f9d9d719dac9,https://www.g2g.com/offers/G1762225838914IP/edit
requires_modification,G1756261582191WW,PC > Cruel Trarthan Executioner Supporter Pack,lgc_game_19398,90015a0f-3983-4953-8368-96ac181d9e92,USD,42,10,420,true,1756261582213,1773200935698,2025-08-27T02:26:22.213Z,2026-03-11T03:48:55.698Z,259,"Fastest Method: If your Path of Exile account is not linked to Steam, We will provide you with a Steam account. You can then link it to your Path of Exile account, and the process will be complete.
We don't need your credentials with this method.

Safe & Legal – All purchases are made legitimately through official channels. We have completed thousands of top-ups with no bans.

Best Price Guarantee – Receive your packs at a lower price than the in-game store, while still getting the full value shown on the Path of Exile site.",1001814582,4422b0a0-c061-4116-9cba-7860a7ab752c,0f76ac42-3267-4d77-9fba-f9d9d719dac9,https://www.g2g.com/offers/G1756261582191WW/edit
requires_modification,G1756261502945SY,PC > Apostle of Justice Supporter Pack,lgc_game_19398,90015a0f-3983-4953-8368-96ac181d9e92,USD,42,10,420,true,1756261502971,1773200935698,2025-08-27T02:25:02.971Z,2026-03-11T03:48:55.698Z,259,"Fastest Method: If your Path of Exile account is not linked to Steam, We will provide you with a Steam account. You can then link it to your Path of Exile account, and the process will be complete.
We don't need your credentials with this method.

Safe & Legal – All purchases are made legitimately through official channels. We have completed thousands of top-ups with no bans.

Best Price Guarantee – Receive your packs at a lower price than the in-game store, while still getting the full value shown on the Path of Exile site.",1001814582,4422b0a0-c061-4116-9cba-7860a7ab752c,0f76ac42-3267-4d77-9fba-f9d9d719dac9,https://www.g2g.com/offers/G1756261502945SY/edit
requires_modification,G1756261447231WZ,PC > Justice Supporter Pack,lgc_game_19398,90015a0f-3983-4953-8368-96ac181d9e92,USD,19.8,10,198,true,1756261447251,1773200935698,2025-08-27T02:24:07.251Z,2026-03-11T03:48:55.698Z,259,"Fastest Method: If your Path of Exile account is not linked to Steam, We will provide you with a Steam account. You can then link it to your Path of Exile account, and the process will be complete.
We don't need your credentials with this method.

Safe & Legal – All purchases are made legitimately through official channels. We have completed thousands of top-ups with no bans.

Best Price Guarantee – Receive your packs at a lower price than the in-game store, while still getting the full value shown on the Path of Exile site.",1001814582,4422b0a0-c061-4116-9cba-7860a7ab752c,0f76ac42-3267-4d77-9fba-f9d9d719dac9,https://www.g2g.com/offers/G1756261447231WZ/edit
requires_modification,G1756261335431ZS,PC > Herald of Justice Supporter Pack,lgc_game_19398,90015a0f-3983-4953-8368-96ac181d9e92,USD,64.8,10,648,true,1756261335449,1773200935698,2025-08-27T02:22:15.449Z,2026-03-11T03:48:55.698Z,259,"Fastest Method: If your Path of Exile account is not linked to Steam, We will provide you with a Steam account. You can then link it to your Path of Exile account, and the process will be complete.
We don't need your credentials with this method.

Safe & Legal – All purchases are made legitimately through official channels. We have completed thousands of top-ups with no bans.

Best Price Guarantee – Receive your packs at a lower price than the in-game store, while still getting the full value shown on the Path of Exile site.",1001814582,4422b0a0-c061-4116-9cba-7860a7ab752c,0f76ac42-3267-4d77-9fba-f9d9d719dac9,https://www.g2g.com/offers/G1756261335431ZS/edit
requires_modification,G1756261143694OX,PC > Merciless Trarthan Executioner Supporter Pack,lgc_game_19398,90015a0f-3983-4953-8368-96ac181d9e92,USD,65,10,650,true,1756261143717,1773200935698,2025-08-27T02:19:03.717Z,2026-03-11T03:48:55.698Z,259,"Fastest Method: If your Path of Exile account is not linked to Steam, We will provide you with a Steam account. You can then link it to your Path of Exile account, and the process will be complete.
We don't need your credentials with this method.

Safe & Legal – All purchases are made legitimately through official channels. We have completed thousands of top-ups with no bans.

Best Price Guarantee – Receive your packs at a lower price than the in-game store, while still getting the full value shown on the Path of Exile site.",1001814582,4422b0a0-c061-4116-9cba-7860a7ab752c,0f76ac42-3267-4d77-9fba-f9d9d719dac9,https://www.g2g.com/offers/G1756261143694OX/edit
requires_modification,G1740194650469UM,PC > King of the Faridun Supporter Pack,lgc_game_19398,90015a0f-3983-4953-8368-96ac181d9e92,USD,80,1000,80000,true,1740194650469,1773200934034,2025-02-22T03:24:10.469Z,2026-03-11T03:48:54.034Z,444,"*** This service also works for Path of Exile 2 accounts.
### How does my service work?

1. **Order**: After purchasing, provide me with your game account: email + password.
2. **Purchase**: I will make a purchase in the official game store using my bank card. If you wish, I can send you a receipt.
3. **Verification**: Once the purchase is complete, you can log into your account to verify everything is correct. Then, simply confirm the order in the ""Purchases"" section, and you're all set!

### Special Offers

If you want to buy something not listed in my inventory, let me know! I am willing to create a custom order for you.

### Why Choose Me?

- **No Unnecessary Actions**: I log out of accounts after completing the order, ensuring your safety remains a priority.
- **No Bans**: Over a thousand clients have never experienced account bans due to purchases.
- **Legal Funds**: All funds used for purchases are legally deposited on my card. Be cautious of cheap offers, as they can pose risks.
- **Reports**: I can provide a photo of logging out from the account if needed, and I can also send all receipts.

### Support and Advice

If you have any questions about the product or need assistance, feel free to reach out. I am always happy to help! I look forward to your order and am ready to make your gaming experience even more exciting.",1001814582,4422b0a0-c061-4116-9cba-7860a7ab752c,0f76ac42-3267-4d77-9fba-f9d9d719dac9,https://www.g2g.com/offers/G1740194650469UM/edit
requires_modification,G1740194573906QB,PC > Lord of Ogham Supporter Pack,lgc_game_19398,90015a0f-3983-4953-8368-96ac181d9e92,USD,48,1000,48000,true,1740194573906,1773200934034,2025-02-22T03:22:53.906Z,2026-03-11T03:48:54.034Z,444,"*** This service also works for Path of Exile 2 accounts.
### How does my service work?

1. **Order**: After purchasing, provide me with your game account: email + password.
2. **Purchase**: I will make a purchase in the official game store using my bank card. If you wish, I can send you a receipt.
3. **Verification**: Once the purchase is complete, you can log into your account to verify everything is correct. Then, simply confirm the order in the ""Purchases"" section, and you're all set!

### Special Offers

If you want to buy something not listed in my inventory, let me know! I am willing to create a custom order for you.

### Why Choose Me?

- **No Unnecessary Actions**: I log out of accounts after completing the order, ensuring your safety remains a priority.
- **No Bans**: Over a thousand clients have never experienced account bans due to purchases.
- **Legal Funds**: All funds used for purchases are legally deposited on my card. Be cautious of cheap offers, as they can pose risks.
- **Reports**: I can provide a photo of logging out from the account if needed, and I can also send all receipts.

### Support and Advice

If you have any questions about the product or need assistance, feel free to reach out. I am always happy to help! I look forward to your order and am ready to make your gaming experience even more exciting.",1001814582,4422b0a0-c061-4116-9cba-7860a7ab752c,0f76ac42-3267-4d77-9fba-f9d9d719dac9,https://www.g2g.com/offers/G1740194573906QB/edit
requires_modification,G1740194124996VI,PC > Early Access Supporter Pack,lgc_game_19398,90015a0f-3983-4953-8368-96ac181d9e92,USD,24,1000,24000,true,1740194124996,1773200934034,2025-02-22T03:15:24.996Z,2026-03-11T03:48:54.034Z,445,"*** This service also works for Path of Exile 2 accounts.
### How does my service work?

1. **Order**: After purchasing, provide me with your game account: email + password.
2. **Purchase**: I will make a purchase in the official game store using my bank card. If you wish, I can send you a receipt.
3. **Verification**: Once the purchase is complete, you can log into your account to verify everything is correct. Then, simply confirm the order in the ""Purchases"" section, and you're all set!

### Special Offers

If you want to buy something not listed in my inventory, let me know! I am willing to create a custom order for you.

### Why Choose Me?

- **No Unnecessary Actions**: I log out of accounts after completing the order, ensuring your safety remains a priority.
- **No Bans**: Over a thousand clients have never experienced account bans due to purchases.
- **Legal Funds**: All funds used for purchases are legally deposited on my card. Be cautious of cheap offers, as they can pose risks.
- **Reports**: I can provide a photo of logging out from the account if needed, and I can also send all receipts.

### Support and Advice

If you have any questions about the product or need assistance, feel free to reach out. I am always happy to help! I look forward to your order and am ready to make your gaming experience even more exciting.",1001814582,4422b0a0-c061-4116-9cba-7860a7ab752c,0f76ac42-3267-4d77-9fba-f9d9d719dac9,https://www.g2g.com/offers/G1740194124996VI/edit
requires_modification,G1740193733258HC,PC > 100 Points Pack,lgc_game_19398,90015a0f-3983-4953-8368-96ac181d9e92,USD,8,999,7992,true,1740193733258,1773200934034,2025-02-22T03:08:53.258Z,2026-03-11T03:48:54.034Z,445,"*** This service also works for Path of Exile 2 accounts.
### How does my service work?

1. **Order**: After purchasing, provide me with your game account: email + password.
2. **Purchase**: I will make a purchase in the official game store using my bank card. If you wish, I can send you a receipt.
3. **Verification**: Once the purchase is complete, you can log into your account to verify everything is correct. Then, simply confirm the order in the ""Purchases"" section, and you're all set!

### Special Offers

If you want to buy something not listed in my inventory, let me know! I am willing to create a custom order for you.

### Why Choose Me?

- **No Unnecessary Actions**: I log out of accounts after completing the order, ensuring your safety remains a priority.
- **No Bans**: Over a thousand clients have never experienced account bans due to purchases.
- **Legal Funds**: All funds used for purchases are legally deposited on my card. Be cautious of cheap offers, as they can pose risks.
- **Reports**: I can provide a photo of logging out from the account if needed, and I can also send all receipts.

### Support and Advice

If you have any questions about the product or need assistance, feel free to reach out. I am always happy to help! I look forward to your order and am ready to make your gaming experience even more exciting.",1001814582,4422b0a0-c061-4116-9cba-7860a7ab752c,0f76ac42-3267-4d77-9fba-f9d9d719dac9,https://www.g2g.com/offers/G1740193733258HC/edit